{
    "CommunicationIssue": {
        "precision": 1.0,
        "recall": 1.0,
        "f1-score": 1.0,
        "support": 3.0
    },
    "HardwareFault": {
        "precision": 0.8620689655172413,
        "recall": 0.8928571428571429,
        "f1-score": 0.8771929824561403,
        "support": 28.0
    },
    "Normal": {
        "precision": 0.9558823529411765,
        "recall": 0.9848484848484849,
        "f1-score": 0.9701492537313433,
        "support": 132.0
    },
    "ParamViolation": {
        "precision": 0.7777777777777778,
        "recall": 0.7,
        "f1-score": 0.7368421052631579,
        "support": 10.0
    },
    "RegulationViolation": {
        "precision": 1.0,
        "recall": 1.0,
        "f1-score": 1.0,
        "support": 3.0
    },
    "SoftwareFault": {
        "precision": 0.7894736842105263,
        "recall": 0.75,
        "f1-score": 0.7692307692307693,
        "support": 20.0
    },
    "SurroundingEnvironment": {
        "precision": 0.9,
        "recall": 0.6923076923076923,
        "f1-score": 0.782608695652174,
        "support": 13.0
    },
    "accuracy": 0.9186602870813397,
    "macro_avg": {
        "precision": 0.897886111492389,
        "recall": 0.8600019028590458,
        "f1-score": 0.8765748294762263,
        "support": 209.0
    },
    "weighted_avg": {
        "precision": 0.9166586271995519,
        "recall": 0.9186602870813397,
        "f1-score": 0.9164978683350932,
        "support": 209.0
    },
    "micro_avg": {
        "precision": 0.9186602870813397,
        "recall": 0.9186602870813397,
        "f1-score": 0.9186602870813397
    }
}