{
    "0": {
        "precision": 0.97,
        "recall": 0.9897959183673469,
        "f1-score": 0.9797979797979798,
        "support": 98.0
    },
    "1": {
        "precision": 1.0,
        "recall": 0.5,
        "f1-score": 0.6666666666666666,
        "support": 12.0
    },
    "2": {
        "precision": 0.7741935483870968,
        "recall": 0.9230769230769231,
        "f1-score": 0.8421052631578947,
        "support": 26.0
    },
    "3": {
        "precision": 1.0,
        "recall": 0.5,
        "f1-score": 0.6666666666666666,
        "support": 10.0
    },
    "4": {
        "precision": 0.0,
        "recall": 0.0,
        "f1-score": 0.0,
        "support": 3.0
    },
    "5": {
        "precision": 1.0,
        "recall": 0.6666666666666666,
        "f1-score": 0.8,
        "support": 3.0
    },
    "6": {
        "precision": 0.8235294117647058,
        "recall": 0.7368421052631579,
        "f1-score": 0.7777777777777778,
        "support": 19.0
    },
    "micro avg": {
        "precision": 0.9192546583850931,
        "recall": 0.8654970760233918,
        "f1-score": 0.891566265060241,
        "support": 171.0
    },
    "samples avg": {
        "precision": 0.9387464387464387,
        "recall": 0.8988603988603988,
        "f1-score": 0.9034188034188034,
        "support": 171.0
    },
    "macro_avg": {
        "precision": 0.7953889943074003,
        "recall": 0.6166259447677278,
        "f1-score": 0.676144907723855,
        "support": 171.0
    },
    "weighted_avg": {
        "precision": 0.9113221700678008,
        "recall": 0.8654970760233918,
        "f1-score": 0.8757858672909457,
        "support": 171.0
    },
    "micro_avg": {
        "precision": 0.9192546583850931,
        "recall": 0.8654970760233918,
        "f1-score": 0.891566265060241
    },
    "accuracy": 0.7521367521367521
}