{
    "0": {
        "precision": 0.8672566371681416,
        "recall": 1.0,
        "f1-score": 0.9289099526066351,
        "support": 98.0
    },
    "1": {
        "precision": 0.0,
        "recall": 0.0,
        "f1-score": 0.0,
        "support": 12.0
    },
    "2": {
        "precision": 1.0,
        "recall": 0.19230769230769232,
        "f1-score": 0.3225806451612903,
        "support": 26.0
    },
    "3": {
        "precision": 0.0,
        "recall": 0.0,
        "f1-score": 0.0,
        "support": 10.0
    },
    "4": {
        "precision": 0.0,
        "recall": 0.0,
        "f1-score": 0.0,
        "support": 3.0
    },
    "5": {
        "precision": 0.0,
        "recall": 0.0,
        "f1-score": 0.0,
        "support": 3.0
    },
    "6": {
        "precision": 1.0,
        "recall": 0.2631578947368421,
        "f1-score": 0.4166666666666667,
        "support": 19.0
    },
    "micro avg": {
        "precision": 0.8780487804878049,
        "recall": 0.631578947368421,
        "f1-score": 0.7346938775510204,
        "support": 171.0
    },
    "samples avg": {
        "precision": 0.8931623931623932,
        "recall": 0.7150997150997151,
        "f1-score": 0.7621082621082621,
        "support": 171.0
    },
    "macro_avg": {
        "precision": 0.40960809102402024,
        "recall": 0.20792365529207632,
        "f1-score": 0.23830818063351317,
        "support": 171.0
    },
    "weighted_avg": {
        "precision": 0.76018216633028,
        "recall": 0.631578947368421,
        "f1-score": 0.6277013964696518,
        "support": 171.0
    },
    "micro_avg": {
        "precision": 0.8780487804878049,
        "recall": 0.631578947368421,
        "f1-score": 0.7346938775510204
    },
    "accuracy": 0.46153846153846156
}