{
    "0": {
        "precision": 0.97,
        "recall": 0.9897959183673469,
        "f1-score": 0.9797979797979798,
        "support": 98.0
    },
    "1": {
        "precision": 1.0,
        "recall": 0.5,
        "f1-score": 0.6666666666666666,
        "support": 12.0
    },
    "2": {
        "precision": 0.8275862068965517,
        "recall": 0.9230769230769231,
        "f1-score": 0.8727272727272727,
        "support": 26.0
    },
    "3": {
        "precision": 0.8888888888888888,
        "recall": 0.8,
        "f1-score": 0.8421052631578947,
        "support": 10.0
    },
    "4": {
        "precision": 1.0,
        "recall": 0.6666666666666666,
        "f1-score": 0.8,
        "support": 3.0
    },
    "5": {
        "precision": 1.0,
        "recall": 0.6666666666666666,
        "f1-score": 0.8,
        "support": 3.0
    },
    "6": {
        "precision": 0.9285714285714286,
        "recall": 0.6842105263157895,
        "f1-score": 0.7878787878787878,
        "support": 19.0
    },
    "micro avg": {
        "precision": 0.9382716049382716,
        "recall": 0.8888888888888888,
        "f1-score": 0.9129129129129129,
        "support": 171.0
    },
    "samples avg": {
        "precision": 0.9401709401709402,
        "recall": 0.9173789173789173,
        "f1-score": 0.9202279202279201,
        "support": 171.0
    },
    "macro_avg": {
        "precision": 0.9450066463366956,
        "recall": 0.7472023858704846,
        "f1-score": 0.8213108528898002,
        "support": 171.0
    },
    "weighted_avg": {
        "precision": 0.9421578211172887,
        "recall": 0.8888888888888888,
        "f1-score": 0.9058588345753629,
        "support": 171.0
    },
    "micro_avg": {
        "precision": 0.9382716049382716,
        "recall": 0.8888888888888888,
        "f1-score": 0.9129129129129129
    }
}