{
    "CommunicationIssue": {
        "precision": 1.0,
        "recall": 1.0,
        "f1-score": 1.0,
        "support": 3.0
    },
    "HardwareFault": {
        "precision": 0.84375,
        "recall": 0.9642857142857143,
        "f1-score": 0.9,
        "support": 28.0
    },
    "Normal": {
        "precision": 0.9624060150375939,
        "recall": 0.9696969696969697,
        "f1-score": 0.9660377358490566,
        "support": 132.0
    },
    "ParamViolation": {
        "precision": 0.8888888888888888,
        "recall": 0.8,
        "f1-score": 0.8421052631578947,
        "support": 10.0
    },
    "RegulationViolation": {
        "precision": 1.0,
        "recall": 1.0,
        "f1-score": 1.0,
        "support": 3.0
    },
    "SoftwareFault": {
        "precision": 0.7142857142857143,
        "recall": 0.75,
        "f1-score": 0.7317073170731707,
        "support": 20.0
    },
    "SurroundingEnvironment": {
        "precision": 1.0,
        "recall": 0.6153846153846154,
        "f1-score": 0.7619047619047619,
        "support": 13.0
    },
    "accuracy": 0.9186602870813397,
    "macro_avg": {
        "precision": 0.9156186597445997,
        "recall": 0.8713381856239,
        "f1-score": 0.8859650111406977,
        "support": 209.0
    },
    "weighted_avg": {
        "precision": 0.9226660151175385,
        "recall": 0.9186602870813397,
        "f1-score": 0.9171145550711949,
        "support": 209.0
    },
    "micro_avg": {
        "precision": 0.9186602870813397,
        "recall": 0.9186602870813397,
        "f1-score": 0.9186602870813397
    }
}