{
    "CommunicationIssue": {
        "precision": 1.0,
        "recall": 1.0,
        "f1-score": 1.0,
        "support": 3.0
    },
    "HardwareFault": {
        "precision": 0.8620689655172413,
        "recall": 0.8928571428571429,
        "f1-score": 0.8771929824561403,
        "support": 28.0
    },
    "Normal": {
        "precision": 0.9618320610687023,
        "recall": 0.9545454545454546,
        "f1-score": 0.9581749049429658,
        "support": 132.0
    },
    "ParamViolation": {
        "precision": 0.8333333333333334,
        "recall": 1.0,
        "f1-score": 0.9090909090909091,
        "support": 10.0
    },
    "RegulationViolation": {
        "precision": 1.0,
        "recall": 1.0,
        "f1-score": 1.0,
        "support": 3.0
    },
    "SoftwareFault": {
        "precision": 0.7142857142857143,
        "recall": 0.75,
        "f1-score": 0.7317073170731707,
        "support": 20.0
    },
    "SurroundingEnvironment": {
        "precision": 0.9,
        "recall": 0.6923076923076923,
        "f1-score": 0.782608695652174,
        "support": 13.0
    },
    "accuracy": 0.9138755980861244,
    "macro_avg": {
        "precision": 0.8959314391721417,
        "recall": 0.8985300413871843,
        "f1-score": 0.8941106870307657,
        "support": 209.0
    },
    "weighted_avg": {
        "precision": 0.9158794771033448,
        "recall": 0.9138755980861244,
        "f1-score": 0.9135859303210246,
        "support": 209.0
    },
    "micro_avg": {
        "precision": 0.9138755980861244,
        "recall": 0.9138755980861244,
        "f1-score": 0.9138755980861244
    }
}