{
    "0": {
        "precision": 0.9509803921568627,
        "recall": 0.9897959183673469,
        "f1-score": 0.97,
        "support": 98.0
    },
    "1": {
        "precision": 1.0,
        "recall": 0.4166666666666667,
        "f1-score": 0.5882352941176471,
        "support": 12.0
    },
    "2": {
        "precision": 0.9565217391304348,
        "recall": 0.8461538461538461,
        "f1-score": 0.8979591836734694,
        "support": 26.0
    },
    "3": {
        "precision": 0.875,
        "recall": 0.7,
        "f1-score": 0.7777777777777778,
        "support": 10.0
    },
    "4": {
        "precision": 1.0,
        "recall": 0.6666666666666666,
        "f1-score": 0.8,
        "support": 3.0
    },
    "5": {
        "precision": 1.0,
        "recall": 1.0,
        "f1-score": 1.0,
        "support": 3.0
    },
    "6": {
        "precision": 0.8888888888888888,
        "recall": 0.8421052631578947,
        "f1-score": 0.8648648648648649,
        "support": 19.0
    },
    "micro avg": {
        "precision": 0.9440993788819876,
        "recall": 0.8888888888888888,
        "f1-score": 0.9156626506024096,
        "support": 171.0
    },
    "samples avg": {
        "precision": 0.9444444444444444,
        "recall": 0.9102564102564102,
        "f1-score": 0.9165242165242166,
        "support": 171.0
    },
    "macro_avg": {
        "precision": 0.9530558600251694,
        "recall": 0.7801983372874887,
        "f1-score": 0.8426910172048228,
        "support": 171.0
    },
    "weighted_avg": {
        "precision": 0.9456405411558639,
        "recall": 0.8888888888888888,
        "f1-score": 0.9068770322522351,
        "support": 171.0
    },
    "micro_avg": {
        "precision": 0.9440993788819876,
        "recall": 0.8888888888888888,
        "f1-score": 0.9156626506024096
    },
    "accuracy": 0.8034188034188035
}