{
    "0": {
        "precision": 0.8878504672897196,
        "recall": 0.9693877551020408,
        "f1-score": 0.926829268292683,
        "support": 98.0
    },
    "1": {
        "precision": 1.0,
        "recall": 0.25,
        "f1-score": 0.4,
        "support": 12.0
    },
    "2": {
        "precision": 0.75,
        "recall": 0.5769230769230769,
        "f1-score": 0.6521739130434783,
        "support": 26.0
    },
    "3": {
        "precision": 0.8571428571428571,
        "recall": 0.6,
        "f1-score": 0.7058823529411765,
        "support": 10.0
    },
    "4": {
        "precision": 1.0,
        "recall": 0.6666666666666666,
        "f1-score": 0.8,
        "support": 3.0
    },
    "5": {
        "precision": 1.0,
        "recall": 0.3333333333333333,
        "f1-score": 0.5,
        "support": 3.0
    },
    "6": {
        "precision": 0.9230769230769231,
        "recall": 0.631578947368421,
        "f1-score": 0.75,
        "support": 19.0
    },
    "micro avg": {
        "precision": 0.8758169934640523,
        "recall": 0.783625730994152,
        "f1-score": 0.8271604938271605,
        "support": 171.0
    },
    "samples avg": {
        "precision": 0.8717948717948718,
        "recall": 0.8148148148148148,
        "f1-score": 0.819088319088319,
        "support": 171.0
    },
    "macro_avg": {
        "precision": 0.9168671782156429,
        "recall": 0.5754128256276483,
        "f1-score": 0.6764122191824768,
        "support": 171.0
    },
    "weighted_avg": {
        "precision": 0.8808142450542843,
        "recall": 0.783625730994152,
        "f1-score": 0.805816453574416,
        "support": 171.0
    },
    "micro_avg": {
        "precision": 0.8758169934640523,
        "recall": 0.783625730994152,
        "f1-score": 0.8271604938271605
    },
    "accuracy": 0.6153846153846154
}