{
    "0": {
        "precision": 0.96,
        "recall": 0.9795918367346939,
        "f1-score": 0.9696969696969697,
        "support": 98.0
    },
    "1": {
        "precision": 0.8,
        "recall": 0.6666666666666666,
        "f1-score": 0.7272727272727273,
        "support": 12.0
    },
    "2": {
        "precision": 0.8823529411764706,
        "recall": 0.5769230769230769,
        "f1-score": 0.6976744186046512,
        "support": 26.0
    },
    "3": {
        "precision": 0.7,
        "recall": 0.7,
        "f1-score": 0.7,
        "support": 10.0
    },
    "4": {
        "precision": 1.0,
        "recall": 0.6666666666666666,
        "f1-score": 0.8,
        "support": 3.0
    },
    "5": {
        "precision": 1.0,
        "recall": 1.0,
        "f1-score": 1.0,
        "support": 3.0
    },
    "6": {
        "precision": 0.9411764705882353,
        "recall": 0.8421052631578947,
        "f1-score": 0.8888888888888888,
        "support": 19.0
    },
    "micro avg": {
        "precision": 0.9245283018867925,
        "recall": 0.8596491228070176,
        "f1-score": 0.8909090909090909,
        "support": 171.0
    },
    "samples avg": {
        "precision": 0.9159544159544158,
        "recall": 0.8831908831908832,
        "f1-score": 0.8840455840455841,
        "support": 171.0
    },
    "macro_avg": {
        "precision": 0.8976470588235295,
        "recall": 0.7759933585927142,
        "f1-score": 0.8262190006376053,
        "support": 171.0
    },
    "weighted_avg": {
        "precision": 0.9210732714138287,
        "recall": 0.8596491228070176,
        "f1-score": 0.8841286522233074,
        "support": 171.0
    },
    "micro_avg": {
        "precision": 0.9245283018867925,
        "recall": 0.8596491228070176,
        "f1-score": 0.8909090909090909
    },
    "accuracy": 0.7606837606837606
}