{
    "0": {
        "precision": 0.8818181818181818,
        "recall": 0.9897959183673469,
        "f1-score": 0.9326923076923077,
        "support": 98.0
    },
    "1": {
        "precision": 0.0,
        "recall": 0.0,
        "f1-score": 0.0,
        "support": 12.0
    },
    "2": {
        "precision": 0.9285714285714286,
        "recall": 0.5,
        "f1-score": 0.65,
        "support": 26.0
    },
    "3": {
        "precision": 0.0,
        "recall": 0.0,
        "f1-score": 0.0,
        "support": 10.0
    },
    "4": {
        "precision": 0.0,
        "recall": 0.0,
        "f1-score": 0.0,
        "support": 3.0
    },
    "5": {
        "precision": 0.0,
        "recall": 0.0,
        "f1-score": 0.0,
        "support": 3.0
    },
    "6": {
        "precision": 0.6,
        "recall": 0.15789473684210525,
        "f1-score": 0.25,
        "support": 19.0
    },
    "micro avg": {
        "precision": 0.875968992248062,
        "recall": 0.6608187134502924,
        "f1-score": 0.7533333333333333,
        "support": 171.0
    },
    "samples avg": {
        "precision": 0.8475783475783475,
        "recall": 0.7022792022792022,
        "f1-score": 0.743874643874644,
        "support": 171.0
    },
    "macro_avg": {
        "precision": 0.3443413729128015,
        "recall": 0.23538437931563605,
        "f1-score": 0.2618131868131868,
        "support": 171.0
    },
    "weighted_avg": {
        "precision": 0.7132224500645553,
        "recall": 0.6608187134502924,
        "f1-score": 0.6611336032388665,
        "support": 171.0
    },
    "micro_avg": {
        "precision": 0.875968992248062,
        "recall": 0.6608187134502924,
        "f1-score": 0.7533333333333333
    },
    "accuracy": 0.48717948717948717
}