{
    "0": {
        "precision": 0.9230769230769231,
        "recall": 0.9795918367346939,
        "f1-score": 0.9504950495049505,
        "support": 98.0
    },
    "1": {
        "precision": 1.0,
        "recall": 0.4166666666666667,
        "f1-score": 0.5882352941176471,
        "support": 12.0
    },
    "2": {
        "precision": 0.75,
        "recall": 0.8076923076923077,
        "f1-score": 0.7777777777777778,
        "support": 26.0
    },
    "3": {
        "precision": 0.8333333333333334,
        "recall": 0.5,
        "f1-score": 0.625,
        "support": 10.0
    },
    "4": {
        "precision": 1.0,
        "recall": 0.6666666666666666,
        "f1-score": 0.8,
        "support": 3.0
    },
    "5": {
        "precision": 1.0,
        "recall": 0.6666666666666666,
        "f1-score": 0.8,
        "support": 3.0
    },
    "6": {
        "precision": 0.8823529411764706,
        "recall": 0.7894736842105263,
        "f1-score": 0.8333333333333334,
        "support": 19.0
    },
    "micro avg": {
        "precision": 0.8902439024390244,
        "recall": 0.8538011695906432,
        "f1-score": 0.8716417910447761,
        "support": 171.0
    },
    "samples avg": {
        "precision": 0.8846153846153846,
        "recall": 0.8746438746438746,
        "f1-score": 0.865811965811966,
        "support": 171.0
    },
    "macro_avg": {
        "precision": 0.9126804567981041,
        "recall": 0.689536832662504,
        "f1-score": 0.767834493533387,
        "support": 171.0
    },
    "weighted_avg": {
        "precision": 0.8950852495744137,
        "recall": 0.8538011695906432,
        "f1-score": 0.8614789119090789,
        "support": 171.0
    },
    "micro_avg": {
        "precision": 0.8902439024390244,
        "recall": 0.8538011695906432,
        "f1-score": 0.8716417910447761
    },
    "accuracy": 0.717948717948718
}