{
    "CommunicationIssue": {
        "precision": 1.0,
        "recall": 0.6666666666666666,
        "f1-score": 0.8,
        "support": 3.0
    },
    "HardwareFault": {
        "precision": 0.8666666666666667,
        "recall": 0.9285714285714286,
        "f1-score": 0.896551724137931,
        "support": 28.0
    },
    "Normal": {
        "precision": 0.9202898550724637,
        "recall": 0.9621212121212122,
        "f1-score": 0.9407407407407408,
        "support": 132.0
    },
    "ParamViolation": {
        "precision": 0.6666666666666666,
        "recall": 0.6,
        "f1-score": 0.631578947368421,
        "support": 10.0
    },
    "RegulationViolation": {
        "precision": 1.0,
        "recall": 0.6666666666666666,
        "f1-score": 0.8,
        "support": 3.0
    },
    "SoftwareFault": {
        "precision": 0.7894736842105263,
        "recall": 0.75,
        "f1-score": 0.7692307692307693,
        "support": 20.0
    },
    "SurroundingEnvironment": {
        "precision": 1.0,
        "recall": 0.6923076923076923,
        "f1-score": 0.8181818181818182,
        "support": 13.0
    },
    "accuracy": 0.8947368421052632,
    "macro_avg": {
        "precision": 0.8918709818023319,
        "recall": 0.7523333809048095,
        "f1-score": 0.8080405713799543,
        "support": 209.0
    },
    "weighted_avg": {
        "precision": 0.8956988894120052,
        "recall": 0.8947368421052632,
        "f1-score": 0.8919521270253736,
        "support": 209.0
    },
    "micro_avg": {
        "precision": 0.8947368421052632,
        "recall": 0.8947368421052632,
        "f1-score": 0.8947368421052632
    }
}