{
    "CommunicationIssue": {
        "precision": 1.0,
        "recall": 1.0,
        "f1-score": 1.0,
        "support": 3.0
    },
    "HardwareFault": {
        "precision": 0.8125,
        "recall": 0.9285714285714286,
        "f1-score": 0.8666666666666667,
        "support": 28.0
    },
    "Normal": {
        "precision": 0.9481481481481482,
        "recall": 0.9696969696969697,
        "f1-score": 0.9588014981273408,
        "support": 132.0
    },
    "ParamViolation": {
        "precision": 0.8,
        "recall": 0.8,
        "f1-score": 0.8,
        "support": 10.0
    },
    "RegulationViolation": {
        "precision": 1.0,
        "recall": 1.0,
        "f1-score": 1.0,
        "support": 3.0
    },
    "SoftwareFault": {
        "precision": 0.8125,
        "recall": 0.65,
        "f1-score": 0.7222222222222222,
        "support": 20.0
    },
    "SurroundingEnvironment": {
        "precision": 0.9,
        "recall": 0.6923076923076923,
        "f1-score": 0.782608695652174,
        "support": 13.0
    },
    "accuracy": 0.9090909090909091,
    "macro_avg": {
        "precision": 0.8961640211640213,
        "recall": 0.8629394415108702,
        "f1-score": 0.875757011809772,
        "support": 209.0
    },
    "weighted_avg": {
        "precision": 0.9083997873471558,
        "recall": 0.9090909090909091,
        "f1-score": 0.9064441239588439,
        "support": 209.0
    },
    "micro_avg": {
        "precision": 0.9090909090909091,
        "recall": 0.9090909090909091,
        "f1-score": 0.9090909090909091
    }
}