{
    "CommunicationIssue": {
        "precision": 1.0,
        "recall": 1.0,
        "f1-score": 1.0,
        "support": 3.0
    },
    "HardwareFault": {
        "precision": 0.8888888888888888,
        "recall": 0.8571428571428571,
        "f1-score": 0.8727272727272727,
        "support": 28.0
    },
    "Normal": {
        "precision": 0.9214285714285714,
        "recall": 0.9772727272727273,
        "f1-score": 0.9485294117647058,
        "support": 132.0
    },
    "ParamViolation": {
        "precision": 0.875,
        "recall": 0.7,
        "f1-score": 0.7777777777777778,
        "support": 10.0
    },
    "RegulationViolation": {
        "precision": 1.0,
        "recall": 1.0,
        "f1-score": 1.0,
        "support": 3.0
    },
    "SoftwareFault": {
        "precision": 0.8,
        "recall": 0.8,
        "f1-score": 0.8,
        "support": 20.0
    },
    "SurroundingEnvironment": {
        "precision": 1.0,
        "recall": 0.6153846153846154,
        "f1-score": 0.7619047619047619,
        "support": 13.0
    },
    "accuracy": 0.9090909090909091,
    "macro_avg": {
        "precision": 0.9264739229024943,
        "recall": 0.8499714571143142,
        "f1-score": 0.880134174882074,
        "support": 209.0
    },
    "weighted_avg": {
        "precision": 0.9103706235285182,
        "recall": 0.9090909090909091,
        "f1-score": 0.9058602185255716,
        "support": 209.0
    },
    "micro_avg": {
        "precision": 0.9090909090909091,
        "recall": 0.9090909090909091,
        "f1-score": 0.9090909090909091
    }
}