{
    "0": {
        "precision": 0.9607843137254902,
        "recall": 1.0,
        "f1-score": 0.98,
        "support": 98.0
    },
    "1": {
        "precision": 0.875,
        "recall": 0.5833333333333334,
        "f1-score": 0.7,
        "support": 12.0
    },
    "2": {
        "precision": 0.8064516129032258,
        "recall": 0.9615384615384616,
        "f1-score": 0.8771929824561403,
        "support": 26.0
    },
    "3": {
        "precision": 0.8,
        "recall": 0.8,
        "f1-score": 0.8,
        "support": 10.0
    },
    "4": {
        "precision": 1.0,
        "recall": 1.0,
        "f1-score": 1.0,
        "support": 3.0
    },
    "5": {
        "precision": 0.6666666666666666,
        "recall": 0.6666666666666666,
        "f1-score": 0.6666666666666666,
        "support": 3.0
    },
    "6": {
        "precision": 0.8823529411764706,
        "recall": 0.7894736842105263,
        "f1-score": 0.8333333333333334,
        "support": 19.0
    },
    "micro avg": {
        "precision": 0.9080459770114943,
        "recall": 0.9239766081871345,
        "f1-score": 0.9159420289855073,
        "support": 171.0
    },
    "samples avg": {
        "precision": 0.9358974358974359,
        "recall": 0.9444444444444444,
        "f1-score": 0.9282051282051282,
        "support": 171.0
    },
    "macro_avg": {
        "precision": 0.8558936477816934,
        "recall": 0.8287160208212841,
        "f1-score": 0.8367418546365915,
        "support": 171.0
    },
    "weighted_avg": {
        "precision": 0.908709418496695,
        "recall": 0.9239766081871345,
        "f1-score": 0.9127505899251052,
        "support": 171.0
    },
    "micro_avg": {
        "precision": 0.9080459770114943,
        "recall": 0.9239766081871345,
        "f1-score": 0.9159420289855073
    },
    "accuracy": 0.7948717948717948
}