{
    "0": {
        "precision": 0.9320388349514563,
        "recall": 0.9795918367346939,
        "f1-score": 0.9552238805970149,
        "support": 98.0
    },
    "1": {
        "precision": 1.0,
        "recall": 0.4166666666666667,
        "f1-score": 0.5882352941176471,
        "support": 12.0
    },
    "2": {
        "precision": 0.9047619047619048,
        "recall": 0.7307692307692307,
        "f1-score": 0.8085106382978723,
        "support": 26.0
    },
    "3": {
        "precision": 0.875,
        "recall": 0.7,
        "f1-score": 0.7777777777777778,
        "support": 10.0
    },
    "4": {
        "precision": 1.0,
        "recall": 1.0,
        "f1-score": 1.0,
        "support": 3.0
    },
    "5": {
        "precision": 1.0,
        "recall": 0.3333333333333333,
        "f1-score": 0.5,
        "support": 3.0
    },
    "6": {
        "precision": 0.9333333333333333,
        "recall": 0.7368421052631579,
        "f1-score": 0.8235294117647058,
        "support": 19.0
    },
    "micro avg": {
        "precision": 0.9294871794871795,
        "recall": 0.847953216374269,
        "f1-score": 0.8868501529051988,
        "support": 171.0
    },
    "samples avg": {
        "precision": 0.9230769230769231,
        "recall": 0.8760683760683761,
        "f1-score": 0.8834757834757834,
        "support": 171.0
    },
    "macro_avg": {
        "precision": 0.9493048675780992,
        "recall": 0.6996004532524402,
        "f1-score": 0.779039571793574,
        "support": 171.0
    },
    "weighted_avg": {
        "precision": 0.9318535010665823,
        "recall": 0.847953216374269,
        "f1-score": 0.8749524972220533,
        "support": 171.0
    },
    "micro_avg": {
        "precision": 0.9294871794871795,
        "recall": 0.847953216374269,
        "f1-score": 0.8868501529051988
    }
}