{
    "0": {
        "precision": 0.97,
        "recall": 0.9897959183673469,
        "f1-score": 0.9797979797979798,
        "support": 98.0
    },
    "1": {
        "precision": 1.0,
        "recall": 0.5833333333333334,
        "f1-score": 0.7368421052631579,
        "support": 12.0
    },
    "2": {
        "precision": 0.8846153846153846,
        "recall": 0.8846153846153846,
        "f1-score": 0.8846153846153846,
        "support": 26.0
    },
    "3": {
        "precision": 0.9,
        "recall": 0.9,
        "f1-score": 0.9,
        "support": 10.0
    },
    "4": {
        "precision": 1.0,
        "recall": 1.0,
        "f1-score": 1.0,
        "support": 3.0
    },
    "5": {
        "precision": 1.0,
        "recall": 1.0,
        "f1-score": 1.0,
        "support": 3.0
    },
    "6": {
        "precision": 0.85,
        "recall": 0.8947368421052632,
        "f1-score": 0.8717948717948718,
        "support": 19.0
    },
    "micro avg": {
        "precision": 0.9408284023668639,
        "recall": 0.9298245614035088,
        "f1-score": 0.9352941176470588,
        "support": 171.0
    },
    "samples avg": {
        "precision": 0.9444444444444444,
        "recall": 0.9415954415954415,
        "f1-score": 0.9358974358974359,
        "support": 171.0
    },
    "macro_avg": {
        "precision": 0.9435164835164834,
        "recall": 0.8932116397744754,
        "f1-score": 0.9104357630673421,
        "support": 171.0
    },
    "weighted_avg": {
        "precision": 0.942748538011696,
        "recall": 0.9298245614035088,
        "f1-score": 0.9323181862424706,
        "support": 171.0
    },
    "micro_avg": {
        "precision": 0.9408284023668639,
        "recall": 0.9298245614035088,
        "f1-score": 0.9352941176470588
    },
    "accuracy": 0.8547008547008547
}