{
    "0": {
        "precision": 0.9514563106796117,
        "recall": 1.0,
        "f1-score": 0.9751243781094527,
        "support": 98.0
    },
    "1": {
        "precision": 1.0,
        "recall": 0.5,
        "f1-score": 0.6666666666666666,
        "support": 12.0
    },
    "2": {
        "precision": 0.9130434782608695,
        "recall": 0.8076923076923077,
        "f1-score": 0.8571428571428571,
        "support": 26.0
    },
    "3": {
        "precision": 0.8,
        "recall": 0.8,
        "f1-score": 0.8,
        "support": 10.0
    },
    "4": {
        "precision": 1.0,
        "recall": 0.6666666666666666,
        "f1-score": 0.8,
        "support": 3.0
    },
    "5": {
        "precision": 0.5,
        "recall": 0.3333333333333333,
        "f1-score": 0.4,
        "support": 3.0
    },
    "6": {
        "precision": 0.8888888888888888,
        "recall": 0.8421052631578947,
        "f1-score": 0.8648648648648649,
        "support": 19.0
    },
    "micro avg": {
        "precision": 0.926829268292683,
        "recall": 0.8888888888888888,
        "f1-score": 0.9074626865671642,
        "support": 171.0
    },
    "samples avg": {
        "precision": 0.9273504273504274,
        "recall": 0.9017094017094017,
        "f1-score": 0.9056980056980057,
        "support": 171.0
    },
    "macro_avg": {
        "precision": 0.8647698111184814,
        "recall": 0.707113938692886,
        "f1-score": 0.7662569666834059,
        "support": 171.0
    },
    "weighted_avg": {
        "precision": 0.9261446653232364,
        "recall": 0.8888888888888888,
        "f1-score": 0.8998850045197256,
        "support": 171.0
    },
    "micro_avg": {
        "precision": 0.926829268292683,
        "recall": 0.8888888888888888,
        "f1-score": 0.9074626865671642
    },
    "accuracy": 0.7948717948717948
}