{
    "0": {
        "precision": 0.9238095238095239,
        "recall": 0.9897959183673469,
        "f1-score": 0.9556650246305419,
        "support": 98.0
    },
    "1": {
        "precision": 1.0,
        "recall": 0.4166666666666667,
        "f1-score": 0.5882352941176471,
        "support": 12.0
    },
    "2": {
        "precision": 0.8260869565217391,
        "recall": 0.7307692307692307,
        "f1-score": 0.7755102040816326,
        "support": 26.0
    },
    "3": {
        "precision": 0.8,
        "recall": 0.4,
        "f1-score": 0.5333333333333333,
        "support": 10.0
    },
    "4": {
        "precision": 1.0,
        "recall": 0.3333333333333333,
        "f1-score": 0.5,
        "support": 3.0
    },
    "5": {
        "precision": 1.0,
        "recall": 0.3333333333333333,
        "f1-score": 0.5,
        "support": 3.0
    },
    "6": {
        "precision": 1.0,
        "recall": 0.631578947368421,
        "f1-score": 0.7741935483870968,
        "support": 19.0
    },
    "micro avg": {
        "precision": 0.9144736842105263,
        "recall": 0.8128654970760234,
        "f1-score": 0.8606811145510835,
        "support": 171.0
    },
    "samples avg": {
        "precision": 0.9102564102564102,
        "recall": 0.8461538461538461,
        "f1-score": 0.8621082621082622,
        "support": 171.0
    },
    "macro_avg": {
        "precision": 0.9356994971901804,
        "recall": 0.5479253471197617,
        "f1-score": 0.6609910577928931,
        "support": 171.0
    },
    "weighted_avg": {
        "precision": 0.9181964573268921,
        "recall": 0.8128654970760234,
        "f1-score": 0.8416390175556461,
        "support": 171.0
    },
    "micro_avg": {
        "precision": 0.9144736842105263,
        "recall": 0.8128654970760234,
        "f1-score": 0.8606811145510835
    },
    "accuracy": 0.7094017094017094
}