{
    "CommunicationIssue": {
        "precision": 1.0,
        "recall": 0.6666666666666666,
        "f1-score": 0.8,
        "support": 3.0
    },
    "HardwareFault": {
        "precision": 0.896551724137931,
        "recall": 0.9285714285714286,
        "f1-score": 0.9122807017543859,
        "support": 28.0
    },
    "Normal": {
        "precision": 0.9064748201438849,
        "recall": 0.9545454545454546,
        "f1-score": 0.9298892988929889,
        "support": 132.0
    },
    "ParamViolation": {
        "precision": 0.6666666666666666,
        "recall": 0.6,
        "f1-score": 0.631578947368421,
        "support": 10.0
    },
    "RegulationViolation": {
        "precision": 1.0,
        "recall": 0.3333333333333333,
        "f1-score": 0.5,
        "support": 3.0
    },
    "SoftwareFault": {
        "precision": 0.8421052631578947,
        "recall": 0.8,
        "f1-score": 0.8205128205128205,
        "support": 20.0
    },
    "SurroundingEnvironment": {
        "precision": 1.0,
        "recall": 0.7692307692307693,
        "f1-score": 0.8695652173913043,
        "support": 13.0
    },
    "accuracy": 0.8947368421052632,
    "macro_avg": {
        "precision": 0.9016854963009111,
        "recall": 0.7217639503353789,
        "f1-score": 0.7805467122742744,
        "support": 209.0
    },
    "weighted_avg": {
        "precision": 0.8960138586826767,
        "recall": 0.8947368421052632,
        "f1-score": 0.8910030660910284,
        "support": 209.0
    },
    "micro_avg": {
        "precision": 0.8947368421052632,
        "recall": 0.8947368421052632,
        "f1-score": 0.8947368421052632
    }
}