{
    "0": {
        "precision": 0.9797979797979798,
        "recall": 0.9897959183673469,
        "f1-score": 0.9847715736040609,
        "support": 98.0
    },
    "1": {
        "precision": 1.0,
        "recall": 0.5833333333333334,
        "f1-score": 0.7368421052631579,
        "support": 12.0
    },
    "2": {
        "precision": 0.8666666666666667,
        "recall": 1.0,
        "f1-score": 0.9285714285714286,
        "support": 26.0
    },
    "3": {
        "precision": 0.9090909090909091,
        "recall": 1.0,
        "f1-score": 0.9523809523809523,
        "support": 10.0
    },
    "4": {
        "precision": 1.0,
        "recall": 1.0,
        "f1-score": 1.0,
        "support": 3.0
    },
    "5": {
        "precision": 1.0,
        "recall": 1.0,
        "f1-score": 1.0,
        "support": 3.0
    },
    "6": {
        "precision": 0.875,
        "recall": 0.7368421052631579,
        "f1-score": 0.8,
        "support": 19.0
    },
    "micro avg": {
        "precision": 0.9467455621301775,
        "recall": 0.935672514619883,
        "f1-score": 0.9411764705882353,
        "support": 171.0
    },
    "samples avg": {
        "precision": 0.95014245014245,
        "recall": 0.9487179487179487,
        "f1-score": 0.9433048433048432,
        "support": 171.0
    },
    "macro_avg": {
        "precision": 0.9472222222222222,
        "recall": 0.9014244795662626,
        "f1-score": 0.9146522942599428,
        "support": 171.0
    },
    "weighted_avg": {
        "precision": 0.9489441195581546,
        "recall": 0.935672514619883,
        "f1-score": 0.9369379306609503,
        "support": 171.0
    },
    "micro_avg": {
        "precision": 0.9467455621301775,
        "recall": 0.935672514619883,
        "f1-score": 0.9411764705882353
    },
    "accuracy": 0.8632478632478633
}