{
    "0": {
        "precision": 0.9702970297029703,
        "recall": 1.0,
        "f1-score": 0.9849246231155779,
        "support": 98.0
    },
    "1": {
        "precision": 1.0,
        "recall": 0.5833333333333334,
        "f1-score": 0.7368421052631579,
        "support": 12.0
    },
    "2": {
        "precision": 0.8846153846153846,
        "recall": 0.8846153846153846,
        "f1-score": 0.8846153846153846,
        "support": 26.0
    },
    "3": {
        "precision": 0.9090909090909091,
        "recall": 1.0,
        "f1-score": 0.9523809523809523,
        "support": 10.0
    },
    "4": {
        "precision": 1.0,
        "recall": 1.0,
        "f1-score": 1.0,
        "support": 3.0
    },
    "5": {
        "precision": 1.0,
        "recall": 1.0,
        "f1-score": 1.0,
        "support": 3.0
    },
    "6": {
        "precision": 0.8823529411764706,
        "recall": 0.7894736842105263,
        "f1-score": 0.8333333333333334,
        "support": 19.0
    },
    "micro avg": {
        "precision": 0.9464285714285714,
        "recall": 0.9298245614035088,
        "f1-score": 0.9380530973451328,
        "support": 171.0
    },
    "samples avg": {
        "precision": 0.9529914529914529,
        "recall": 0.9458689458689458,
        "f1-score": 0.9433048433048433,
        "support": 171.0
    },
    "macro_avg": {
        "precision": 0.9494794663693907,
        "recall": 0.8939174860227492,
        "f1-score": 0.913156628386915,
        "support": 171.0
    },
    "weighted_avg": {
        "precision": 0.9470451689131761,
        "recall": 0.9298245614035088,
        "f1-score": 0.9340459718457741,
        "support": 171.0
    },
    "micro_avg": {
        "precision": 0.9464285714285714,
        "recall": 0.9298245614035088,
        "f1-score": 0.9380530973451328
    },
    "accuracy": 0.8632478632478633
}