{
    "0": {
        "precision": 0.9326923076923077,
        "recall": 0.9897959183673469,
        "f1-score": 0.9603960396039604,
        "support": 98.0
    },
    "1": {
        "precision": 1.0,
        "recall": 0.3333333333333333,
        "f1-score": 0.5,
        "support": 12.0
    },
    "2": {
        "precision": 0.8461538461538461,
        "recall": 0.8461538461538461,
        "f1-score": 0.8461538461538461,
        "support": 26.0
    },
    "3": {
        "precision": 0.8571428571428571,
        "recall": 0.6,
        "f1-score": 0.7058823529411765,
        "support": 10.0
    },
    "4": {
        "precision": 1.0,
        "recall": 0.3333333333333333,
        "f1-score": 0.5,
        "support": 3.0
    },
    "5": {
        "precision": 1.0,
        "recall": 0.3333333333333333,
        "f1-score": 0.5,
        "support": 3.0
    },
    "6": {
        "precision": 0.9285714285714286,
        "recall": 0.6842105263157895,
        "f1-score": 0.7878787878787878,
        "support": 19.0
    },
    "micro avg": {
        "precision": 0.9171974522292994,
        "recall": 0.8421052631578947,
        "f1-score": 0.8780487804878049,
        "support": 171.0
    },
    "samples avg": {
        "precision": 0.9230769230769231,
        "recall": 0.8760683760683761,
        "f1-score": 0.8834757834757834,
        "support": 171.0
    },
    "macro_avg": {
        "precision": 0.9377943485086343,
        "recall": 0.5885943272624262,
        "f1-score": 0.6857587180825387,
        "support": 171.0
    },
    "weighted_avg": {
        "precision": 0.9217434612171456,
        "recall": 0.8421052631578947,
        "f1-score": 0.8605107156742506,
        "support": 171.0
    },
    "micro_avg": {
        "precision": 0.9171974522292994,
        "recall": 0.8421052631578947,
        "f1-score": 0.8780487804878049
    }
}