{
    "0": {
        "precision": 0.9150943396226415,
        "recall": 0.9897959183673469,
        "f1-score": 0.9509803921568627,
        "support": 98.0
    },
    "1": {
        "precision": 1.0,
        "recall": 0.4166666666666667,
        "f1-score": 0.5882352941176471,
        "support": 12.0
    },
    "2": {
        "precision": 0.95,
        "recall": 0.7307692307692307,
        "f1-score": 0.8260869565217391,
        "support": 26.0
    },
    "3": {
        "precision": 0.875,
        "recall": 0.7,
        "f1-score": 0.7777777777777778,
        "support": 10.0
    },
    "4": {
        "precision": 0.75,
        "recall": 1.0,
        "f1-score": 0.8571428571428571,
        "support": 3.0
    },
    "5": {
        "precision": 1.0,
        "recall": 0.3333333333333333,
        "f1-score": 0.5,
        "support": 3.0
    },
    "6": {
        "precision": 0.9411764705882353,
        "recall": 0.8421052631578947,
        "f1-score": 0.8888888888888888,
        "support": 19.0
    },
    "micro avg": {
        "precision": 0.9192546583850931,
        "recall": 0.8654970760233918,
        "f1-score": 0.891566265060241,
        "support": 171.0
    },
    "samples avg": {
        "precision": 0.8931623931623932,
        "recall": 0.8746438746438746,
        "f1-score": 0.8732193732193733,
        "support": 171.0
    },
    "macro_avg": {
        "precision": 0.9187529728872681,
        "recall": 0.7160957731849246,
        "f1-score": 0.7698731666579673,
        "support": 171.0
    },
    "weighted_avg": {
        "precision": 0.9255064223637154,
        "recall": 0.8654970760233918,
        "f1-score": 0.8799488775932442,
        "support": 171.0
    },
    "micro_avg": {
        "precision": 0.9192546583850931,
        "recall": 0.8654970760233918,
        "f1-score": 0.891566265060241
    },
    "accuracy": 0.7606837606837606
}