{
    "0": {
        "precision": 0.9603960396039604,
        "recall": 0.9897959183673469,
        "f1-score": 0.9748743718592965,
        "support": 98.0
    },
    "1": {
        "precision": 1.0,
        "recall": 0.4166666666666667,
        "f1-score": 0.5882352941176471,
        "support": 12.0
    },
    "2": {
        "precision": 0.8846153846153846,
        "recall": 0.8846153846153846,
        "f1-score": 0.8846153846153846,
        "support": 26.0
    },
    "3": {
        "precision": 0.875,
        "recall": 0.7,
        "f1-score": 0.7777777777777778,
        "support": 10.0
    },
    "4": {
        "precision": 1.0,
        "recall": 1.0,
        "f1-score": 1.0,
        "support": 3.0
    },
    "5": {
        "precision": 1.0,
        "recall": 0.3333333333333333,
        "f1-score": 0.5,
        "support": 3.0
    },
    "6": {
        "precision": 0.8235294117647058,
        "recall": 0.7368421052631579,
        "f1-score": 0.7777777777777778,
        "support": 19.0
    },
    "micro avg": {
        "precision": 0.9316770186335404,
        "recall": 0.8771929824561403,
        "f1-score": 0.9036144578313253,
        "support": 171.0
    },
    "samples avg": {
        "precision": 0.9301994301994302,
        "recall": 0.9002849002849003,
        "f1-score": 0.9045584045584045,
        "support": 171.0
    },
    "macro_avg": {
        "precision": 0.9347915479977216,
        "recall": 0.7230362011779841,
        "f1-score": 0.7861829437354119,
        "support": 171.0
    },
    "weighted_avg": {
        "precision": 0.932841349150395,
        "recall": 0.8771929824561403,
        "f1-score": 0.8927021492817449,
        "support": 171.0
    },
    "micro_avg": {
        "precision": 0.9316770186335404,
        "recall": 0.8771929824561403,
        "f1-score": 0.9036144578313253
    }
}