{
    "0": {
        "precision": 0.8738738738738738,
        "recall": 0.9897959183673469,
        "f1-score": 0.9282296650717703,
        "support": 98.0
    },
    "1": {
        "precision": 0.0,
        "recall": 0.0,
        "f1-score": 0.0,
        "support": 12.0
    },
    "2": {
        "precision": 0.9333333333333333,
        "recall": 0.5384615384615384,
        "f1-score": 0.6829268292682927,
        "support": 26.0
    },
    "3": {
        "precision": 0.0,
        "recall": 0.0,
        "f1-score": 0.0,
        "support": 10.0
    },
    "4": {
        "precision": 0.0,
        "recall": 0.0,
        "f1-score": 0.0,
        "support": 3.0
    },
    "5": {
        "precision": 0.0,
        "recall": 0.0,
        "f1-score": 0.0,
        "support": 3.0
    },
    "6": {
        "precision": 0.75,
        "recall": 0.15789473684210525,
        "f1-score": 0.2608695652173913,
        "support": 19.0
    },
    "micro avg": {
        "precision": 0.8769230769230769,
        "recall": 0.6666666666666666,
        "f1-score": 0.7574750830564784,
        "support": 171.0
    },
    "samples avg": {
        "precision": 0.8461538461538461,
        "recall": 0.7065527065527065,
        "f1-score": 0.7455840455840456,
        "support": 171.0
    },
    "macro_avg": {
        "precision": 0.3653153153153153,
        "recall": 0.24087888481014152,
        "f1-score": 0.2674322942224935,
        "support": 171.0
    },
    "weighted_avg": {
        "precision": 0.7260602707971129,
        "recall": 0.6666666666666666,
        "f1-score": 0.6647902133166055,
        "support": 171.0
    },
    "micro_avg": {
        "precision": 0.8769230769230769,
        "recall": 0.6666666666666666,
        "f1-score": 0.7574750830564784
    },
    "accuracy": 0.49572649572649574
}