{
    "0": {
        "precision": 0.8715596330275229,
        "recall": 0.9693877551020408,
        "f1-score": 0.9178743961352657,
        "support": 98.0
    },
    "1": {
        "precision": 0.0,
        "recall": 0.0,
        "f1-score": 0.0,
        "support": 12.0
    },
    "2": {
        "precision": 0.75,
        "recall": 0.34615384615384615,
        "f1-score": 0.47368421052631576,
        "support": 26.0
    },
    "3": {
        "precision": 0.0,
        "recall": 0.0,
        "f1-score": 0.0,
        "support": 10.0
    },
    "4": {
        "precision": 0.0,
        "recall": 0.0,
        "f1-score": 0.0,
        "support": 3.0
    },
    "5": {
        "precision": 0.0,
        "recall": 0.0,
        "f1-score": 0.0,
        "support": 3.0
    },
    "6": {
        "precision": 0.8333333333333334,
        "recall": 0.2631578947368421,
        "f1-score": 0.4,
        "support": 19.0
    },
    "micro avg": {
        "precision": 0.8582677165354331,
        "recall": 0.6374269005847953,
        "f1-score": 0.7315436241610739,
        "support": 171.0
    },
    "samples avg": {
        "precision": 0.8475783475783475,
        "recall": 0.698005698005698,
        "f1-score": 0.7361823361823362,
        "support": 171.0
    },
    "macro_avg": {
        "precision": 0.35069899519440806,
        "recall": 0.2255284994275327,
        "f1-score": 0.2559369438087974,
        "support": 171.0
    },
    "weighted_avg": {
        "precision": 0.7061179963159683,
        "recall": 0.6374269005847953,
        "f1-score": 0.6424998847657324,
        "support": 171.0
    },
    "micro_avg": {
        "precision": 0.8582677165354331,
        "recall": 0.6374269005847953,
        "f1-score": 0.7315436241610739
    },
    "accuracy": 0.4700854700854701
}