{
    "0": {
        "precision": 0.8376068376068376,
        "recall": 1.0,
        "f1-score": 0.9116279069767442,
        "support": 98.0
    },
    "1": {
        "precision": 0.0,
        "recall": 0.0,
        "f1-score": 0.0,
        "support": 12.0
    },
    "2": {
        "precision": 1.0,
        "recall": 0.19230769230769232,
        "f1-score": 0.3225806451612903,
        "support": 26.0
    },
    "3": {
        "precision": 0.0,
        "recall": 0.0,
        "f1-score": 0.0,
        "support": 10.0
    },
    "4": {
        "precision": 0.0,
        "recall": 0.0,
        "f1-score": 0.0,
        "support": 3.0
    },
    "5": {
        "precision": 0.0,
        "recall": 0.0,
        "f1-score": 0.0,
        "support": 3.0
    },
    "6": {
        "precision": 1.0,
        "recall": 0.15789473684210525,
        "f1-score": 0.2727272727272727,
        "support": 19.0
    },
    "micro avg": {
        "precision": 0.848,
        "recall": 0.6198830409356725,
        "f1-score": 0.7162162162162162,
        "support": 171.0
    },
    "samples avg": {
        "precision": 0.8717948717948718,
        "recall": 0.698005698005698,
        "f1-score": 0.7421652421652423,
        "support": 171.0
    },
    "macro_avg": {
        "precision": 0.4053724053724054,
        "recall": 0.19288606130711394,
        "f1-score": 0.2152765464093296,
        "support": 171.0
    },
    "weighted_avg": {
        "precision": 0.7431898835407608,
        "recall": 0.6198830409356725,
        "f1-score": 0.6018038002323548,
        "support": 171.0
    },
    "micro_avg": {
        "precision": 0.848,
        "recall": 0.6198830409356725,
        "f1-score": 0.7162162162162162
    }
}