{
    "0": {
        "precision": 0.9603960396039604,
        "recall": 0.9897959183673469,
        "f1-score": 0.9748743718592965,
        "support": 98.0
    },
    "1": {
        "precision": 1.0,
        "recall": 0.5,
        "f1-score": 0.6666666666666666,
        "support": 12.0
    },
    "2": {
        "precision": 0.8846153846153846,
        "recall": 0.8846153846153846,
        "f1-score": 0.8846153846153846,
        "support": 26.0
    },
    "3": {
        "precision": 0.8,
        "recall": 0.8,
        "f1-score": 0.8,
        "support": 10.0
    },
    "4": {
        "precision": 1.0,
        "recall": 1.0,
        "f1-score": 1.0,
        "support": 3.0
    },
    "5": {
        "precision": 1.0,
        "recall": 0.6666666666666666,
        "f1-score": 0.8,
        "support": 3.0
    },
    "6": {
        "precision": 0.8125,
        "recall": 0.6842105263157895,
        "f1-score": 0.7428571428571429,
        "support": 19.0
    },
    "micro avg": {
        "precision": 0.926829268292683,
        "recall": 0.8888888888888888,
        "f1-score": 0.9074626865671642,
        "support": 171.0
    },
    "samples avg": {
        "precision": 0.933048433048433,
        "recall": 0.9116809116809116,
        "f1-score": 0.9102564102564102,
        "support": 171.0
    },
    "macro_avg": {
        "precision": 0.9225016320313351,
        "recall": 0.7893269279950268,
        "f1-score": 0.8384305094283558,
        "support": 171.0
    },
    "weighted_avg": {
        "precision": 0.9272298940420358,
        "recall": 0.8888888888888888,
        "f1-score": 0.9008887377572912,
        "support": 171.0
    },
    "micro_avg": {
        "precision": 0.926829268292683,
        "recall": 0.8888888888888888,
        "f1-score": 0.9074626865671642
    },
    "accuracy": 0.7777777777777778
}