{
    "CommunicationIssue": {
        "precision": 0.5,
        "recall": 0.3333333333333333,
        "f1-score": 0.4,
        "support": 3.0
    },
    "HardwareFault": {
        "precision": 0.8275862068965517,
        "recall": 0.8571428571428571,
        "f1-score": 0.8421052631578947,
        "support": 28.0
    },
    "Normal": {
        "precision": 0.8951048951048951,
        "recall": 0.9696969696969697,
        "f1-score": 0.9309090909090909,
        "support": 132.0
    },
    "ParamViolation": {
        "precision": 0.8571428571428571,
        "recall": 0.6,
        "f1-score": 0.7058823529411765,
        "support": 10.0
    },
    "RegulationViolation": {
        "precision": 1.0,
        "recall": 0.3333333333333333,
        "f1-score": 0.5,
        "support": 3.0
    },
    "SoftwareFault": {
        "precision": 0.631578947368421,
        "recall": 0.6,
        "f1-score": 0.6153846153846154,
        "support": 20.0
    },
    "SurroundingEnvironment": {
        "precision": 0.875,
        "recall": 0.5384615384615384,
        "f1-score": 0.6666666666666666,
        "support": 13.0
    },
    "accuracy": 0.8564593301435407,
    "macro_avg": {
        "precision": 0.7980589866446751,
        "recall": 0.604566861709719,
        "f1-score": 0.6658497127227777,
        "support": 209.0
    },
    "weighted_avg": {
        "precision": 0.8536089352428068,
        "recall": 0.8564593301435407,
        "f1-score": 0.8478092338382383,
        "support": 209.0
    },
    "micro_avg": {
        "precision": 0.8564593301435407,
        "recall": 0.8564593301435407,
        "f1-score": 0.8564593301435407
    }
}