{
    "0": {
        "precision": 0.9504950495049505,
        "recall": 0.9795918367346939,
        "f1-score": 0.964824120603015,
        "support": 98.0
    },
    "1": {
        "precision": 1.0,
        "recall": 0.5,
        "f1-score": 0.6666666666666666,
        "support": 12.0
    },
    "2": {
        "precision": 0.8076923076923077,
        "recall": 0.8076923076923077,
        "f1-score": 0.8076923076923077,
        "support": 26.0
    },
    "3": {
        "precision": 0.8888888888888888,
        "recall": 0.8,
        "f1-score": 0.8421052631578947,
        "support": 10.0
    },
    "4": {
        "precision": 1.0,
        "recall": 0.6666666666666666,
        "f1-score": 0.8,
        "support": 3.0
    },
    "5": {
        "precision": 1.0,
        "recall": 0.6666666666666666,
        "f1-score": 0.8,
        "support": 3.0
    },
    "6": {
        "precision": 0.875,
        "recall": 0.7368421052631579,
        "f1-score": 0.8,
        "support": 19.0
    },
    "micro avg": {
        "precision": 0.9197530864197531,
        "recall": 0.8713450292397661,
        "f1-score": 0.8948948948948949,
        "support": 171.0
    },
    "samples avg": {
        "precision": 0.9230769230769231,
        "recall": 0.896011396011396,
        "f1-score": 0.8988603988603988,
        "support": 171.0
    },
    "macro_avg": {
        "precision": 0.9317251780123067,
        "recall": 0.7367799404319274,
        "f1-score": 0.8116126225885548,
        "support": 171.0
    },
    "weighted_avg": {
        "precision": 0.9220023610548189,
        "recall": 0.8713450292397661,
        "f1-score": 0.8887357687173943,
        "support": 171.0
    },
    "micro_avg": {
        "precision": 0.9197530864197531,
        "recall": 0.8713450292397661,
        "f1-score": 0.8948948948948949
    },
    "accuracy": 0.7692307692307693
}