{
    "0": {
        "precision": 0.8785046728971962,
        "recall": 0.9591836734693877,
        "f1-score": 0.9170731707317074,
        "support": 98.0
    },
    "1": {
        "precision": 0.0,
        "recall": 0.0,
        "f1-score": 0.0,
        "support": 12.0
    },
    "2": {
        "precision": 0.7857142857142857,
        "recall": 0.4230769230769231,
        "f1-score": 0.55,
        "support": 26.0
    },
    "3": {
        "precision": 1.0,
        "recall": 0.1,
        "f1-score": 0.18181818181818182,
        "support": 10.0
    },
    "4": {
        "precision": 0.0,
        "recall": 0.0,
        "f1-score": 0.0,
        "support": 3.0
    },
    "5": {
        "precision": 0.0,
        "recall": 0.0,
        "f1-score": 0.0,
        "support": 3.0
    },
    "6": {
        "precision": 0.75,
        "recall": 0.15789473684210525,
        "f1-score": 0.2608695652173913,
        "support": 19.0
    },
    "micro avg": {
        "precision": 0.8650793650793651,
        "recall": 0.6374269005847953,
        "f1-score": 0.734006734006734,
        "support": 171.0
    },
    "samples avg": {
        "precision": 0.8376068376068376,
        "recall": 0.688034188034188,
        "f1-score": 0.7304843304843306,
        "support": 171.0
    },
    "macro_avg": {
        "precision": 0.48774556551592596,
        "recall": 0.23430790476977376,
        "f1-score": 0.2728229882524687,
        "support": 171.0
    },
    "weighted_avg": {
        "precision": 0.7647487097806822,
        "recall": 0.6374269005847953,
        "f1-score": 0.6488179782983601,
        "support": 171.0
    },
    "micro_avg": {
        "precision": 0.8650793650793651,
        "recall": 0.6374269005847953,
        "f1-score": 0.734006734006734
    },
    "accuracy": 0.48717948717948717
}