{
    "0": {
        "precision": 0.95,
        "recall": 0.9693877551020408,
        "f1-score": 0.9595959595959596,
        "support": 98.0
    },
    "1": {
        "precision": 1.0,
        "recall": 0.6666666666666666,
        "f1-score": 0.8,
        "support": 12.0
    },
    "2": {
        "precision": 0.8,
        "recall": 0.9230769230769231,
        "f1-score": 0.8571428571428571,
        "support": 26.0
    },
    "3": {
        "precision": 0.9,
        "recall": 0.9,
        "f1-score": 0.9,
        "support": 10.0
    },
    "4": {
        "precision": 1.0,
        "recall": 1.0,
        "f1-score": 1.0,
        "support": 3.0
    },
    "5": {
        "precision": 1.0,
        "recall": 1.0,
        "f1-score": 1.0,
        "support": 3.0
    },
    "6": {
        "precision": 0.9230769230769231,
        "recall": 0.631578947368421,
        "f1-score": 0.75,
        "support": 19.0
    },
    "micro avg": {
        "precision": 0.9221556886227545,
        "recall": 0.9005847953216374,
        "f1-score": 0.9112426035502958,
        "support": 171.0
    },
    "samples avg": {
        "precision": 0.9245014245014245,
        "recall": 0.913105413105413,
        "f1-score": 0.9091168091168091,
        "support": 171.0
    },
    "macro_avg": {
        "precision": 0.9390109890109891,
        "recall": 0.8701014703162931,
        "f1-score": 0.8952484023912596,
        "support": 171.0
    },
    "weighted_avg": {
        "precision": 0.926540710751237,
        "recall": 0.9005847953216374,
        "f1-score": 0.9074626802696978,
        "support": 171.0
    },
    "micro_avg": {
        "precision": 0.9221556886227545,
        "recall": 0.9005847953216374,
        "f1-score": 0.9112426035502958
    },
    "accuracy": 0.811965811965812
}