{
    "0": {
        "precision": 0.9509803921568627,
        "recall": 0.9897959183673469,
        "f1-score": 0.97,
        "support": 98.0
    },
    "1": {
        "precision": 0.8571428571428571,
        "recall": 0.5,
        "f1-score": 0.631578947368421,
        "support": 12.0
    },
    "2": {
        "precision": 0.92,
        "recall": 0.8846153846153846,
        "f1-score": 0.9019607843137255,
        "support": 26.0
    },
    "3": {
        "precision": 0.9,
        "recall": 0.9,
        "f1-score": 0.9,
        "support": 10.0
    },
    "4": {
        "precision": 1.0,
        "recall": 1.0,
        "f1-score": 1.0,
        "support": 3.0
    },
    "5": {
        "precision": 0.6666666666666666,
        "recall": 0.6666666666666666,
        "f1-score": 0.6666666666666666,
        "support": 3.0
    },
    "6": {
        "precision": 0.7894736842105263,
        "recall": 0.7894736842105263,
        "f1-score": 0.7894736842105263,
        "support": 19.0
    },
    "micro avg": {
        "precision": 0.9171597633136095,
        "recall": 0.9064327485380117,
        "f1-score": 0.9117647058823529,
        "support": 171.0
    },
    "samples avg": {
        "precision": 0.9344729344729344,
        "recall": 0.9287749287749287,
        "f1-score": 0.9213675213675213,
        "support": 171.0
    },
    "macro_avg": {
        "precision": 0.8691805143109875,
        "recall": 0.8186502362657035,
        "f1-score": 0.8370971546513343,
        "support": 171.0
    },
    "weighted_avg": {
        "precision": 0.9146303667665897,
        "recall": 0.9064327485380117,
        "f1-score": 0.9069586418747246,
        "support": 171.0
    },
    "micro_avg": {
        "precision": 0.9171597633136095,
        "recall": 0.9064327485380117,
        "f1-score": 0.9117647058823529
    },
    "accuracy": 0.8034188034188035
}