{
    "0": {
        "precision": 0.8727272727272727,
        "recall": 0.9795918367346939,
        "f1-score": 0.9230769230769231,
        "support": 98.0
    },
    "1": {
        "precision": 0.0,
        "recall": 0.0,
        "f1-score": 0.0,
        "support": 12.0
    },
    "2": {
        "precision": 0.9,
        "recall": 0.34615384615384615,
        "f1-score": 0.5,
        "support": 26.0
    },
    "3": {
        "precision": 0.0,
        "recall": 0.0,
        "f1-score": 0.0,
        "support": 10.0
    },
    "4": {
        "precision": 0.0,
        "recall": 0.0,
        "f1-score": 0.0,
        "support": 3.0
    },
    "5": {
        "precision": 0.0,
        "recall": 0.0,
        "f1-score": 0.0,
        "support": 3.0
    },
    "6": {
        "precision": 0.6666666666666666,
        "recall": 0.21052631578947367,
        "f1-score": 0.32,
        "support": 19.0
    },
    "micro avg": {
        "precision": 0.8650793650793651,
        "recall": 0.6374269005847953,
        "f1-score": 0.734006734006734,
        "support": 171.0
    },
    "samples avg": {
        "precision": 0.8347578347578347,
        "recall": 0.6894586894586894,
        "f1-score": 0.7282051282051284,
        "support": 171.0
    },
    "macro_avg": {
        "precision": 0.3484848484848485,
        "recall": 0.21946742838257335,
        "f1-score": 0.24901098901098903,
        "support": 171.0
    },
    "weighted_avg": {
        "precision": 0.7110756689704059,
        "recall": 0.6374269005847953,
        "f1-score": 0.6405937921727396,
        "support": 171.0
    },
    "micro_avg": {
        "precision": 0.8650793650793651,
        "recall": 0.6374269005847953,
        "f1-score": 0.734006734006734
    },
    "accuracy": 0.452991452991453
}