{
    "0": {
        "precision": 0.9230769230769231,
        "recall": 0.9795918367346939,
        "f1-score": 0.9504950495049505,
        "support": 98.0
    },
    "1": {
        "precision": 0.8333333333333334,
        "recall": 0.4166666666666667,
        "f1-score": 0.5555555555555556,
        "support": 12.0
    },
    "2": {
        "precision": 0.7586206896551724,
        "recall": 0.8461538461538461,
        "f1-score": 0.8,
        "support": 26.0
    },
    "3": {
        "precision": 0.875,
        "recall": 0.7,
        "f1-score": 0.7777777777777778,
        "support": 10.0
    },
    "4": {
        "precision": 1.0,
        "recall": 1.0,
        "f1-score": 1.0,
        "support": 3.0
    },
    "5": {
        "precision": 1.0,
        "recall": 1.0,
        "f1-score": 1.0,
        "support": 3.0
    },
    "6": {
        "precision": 0.8888888888888888,
        "recall": 0.8421052631578947,
        "f1-score": 0.8648648648648649,
        "support": 19.0
    },
    "micro avg": {
        "precision": 0.8888888888888888,
        "recall": 0.8888888888888888,
        "f1-score": 0.8888888888888888,
        "support": 171.0
    },
    "samples avg": {
        "precision": 0.8945868945868947,
        "recall": 0.9031339031339032,
        "f1-score": 0.8857549857549858,
        "support": 171.0
    },
    "macro_avg": {
        "precision": 0.8969885478506168,
        "recall": 0.8263596589590145,
        "f1-score": 0.8498133211004498,
        "support": 171.0
    },
    "weighted_avg": {
        "precision": 0.8878629548623498,
        "recall": 0.8888888888888888,
        "f1-score": 0.8820198346687839,
        "support": 171.0
    },
    "micro_avg": {
        "precision": 0.8888888888888888,
        "recall": 0.8888888888888888,
        "f1-score": 0.8888888888888888
    }
}