{
    "0": {
        "precision": 0.8738738738738738,
        "recall": 0.9897959183673469,
        "f1-score": 0.9282296650717703,
        "support": 98.0
    },
    "1": {
        "precision": 0.0,
        "recall": 0.0,
        "f1-score": 0.0,
        "support": 12.0
    },
    "2": {
        "precision": 0.9,
        "recall": 0.34615384615384615,
        "f1-score": 0.5,
        "support": 26.0
    },
    "3": {
        "precision": 0.0,
        "recall": 0.0,
        "f1-score": 0.0,
        "support": 10.0
    },
    "4": {
        "precision": 0.0,
        "recall": 0.0,
        "f1-score": 0.0,
        "support": 3.0
    },
    "5": {
        "precision": 0.0,
        "recall": 0.0,
        "f1-score": 0.0,
        "support": 3.0
    },
    "6": {
        "precision": 0.8,
        "recall": 0.21052631578947367,
        "f1-score": 0.3333333333333333,
        "support": 19.0
    },
    "micro avg": {
        "precision": 0.873015873015873,
        "recall": 0.6432748538011696,
        "f1-score": 0.7407407407407407,
        "support": 171.0
    },
    "samples avg": {
        "precision": 0.8461538461538461,
        "recall": 0.6937321937321936,
        "f1-score": 0.7356125356125357,
        "support": 171.0
    },
    "macro_avg": {
        "precision": 0.3676962676962677,
        "recall": 0.22092515433009524,
        "f1-score": 0.2516518569150148,
        "support": 171.0
    },
    "weighted_avg": {
        "precision": 0.7265476002318109,
        "recall": 0.6432748538011696,
        "f1-score": 0.6450283070781685,
        "support": 171.0
    },
    "micro_avg": {
        "precision": 0.873015873015873,
        "recall": 0.6432748538011696,
        "f1-score": 0.7407407407407407
    },
    "accuracy": 0.46153846153846156
}