{
    "CommunicationIssue": {
        "precision": 0.0,
        "recall": 0.0,
        "f1-score": 0.0,
        "support": 3.0
    },
    "HardwareFault": {
        "precision": 0.6538461538461539,
        "recall": 0.6071428571428571,
        "f1-score": 0.6296296296296297,
        "support": 28.0
    },
    "Normal": {
        "precision": 0.7213114754098361,
        "recall": 1.0,
        "f1-score": 0.8380952380952381,
        "support": 132.0
    },
    "ParamViolation": {
        "precision": 0.0,
        "recall": 0.0,
        "f1-score": 0.0,
        "support": 10.0
    },
    "RegulationViolation": {
        "precision": 0.0,
        "recall": 0.0,
        "f1-score": 0.0,
        "support": 3.0
    },
    "SoftwareFault": {
        "precision": 0.0,
        "recall": 0.0,
        "f1-score": 0.0,
        "support": 20.0
    },
    "SurroundingEnvironment": {
        "precision": 0.0,
        "recall": 0.0,
        "f1-score": 0.0,
        "support": 13.0
    },
    "accuracy": 0.7129186602870813,
    "macro_avg": {
        "precision": 0.19645108989371285,
        "recall": 0.22959183673469388,
        "f1-score": 0.20967498110355254,
        "support": 209.0
    },
    "weighted_avg": {
        "precision": 0.5431617562765104,
        "recall": 0.7129186602870813,
        "f1-score": 0.6136756031492874,
        "support": 209.0
    },
    "micro_avg": {
        "precision": 0.7129186602870813,
        "recall": 0.7129186602870813,
        "f1-score": 0.7129186602870813
    }
}