{
    "0": {
        "precision": 0.8796296296296297,
        "recall": 0.9693877551020408,
        "f1-score": 0.9223300970873787,
        "support": 98.0
    },
    "1": {
        "precision": 0.6666666666666666,
        "recall": 0.16666666666666666,
        "f1-score": 0.26666666666666666,
        "support": 12.0
    },
    "2": {
        "precision": 0.7368421052631579,
        "recall": 0.5384615384615384,
        "f1-score": 0.6222222222222222,
        "support": 26.0
    },
    "3": {
        "precision": 0.6666666666666666,
        "recall": 0.4,
        "f1-score": 0.5,
        "support": 10.0
    },
    "4": {
        "precision": 1.0,
        "recall": 0.6666666666666666,
        "f1-score": 0.8,
        "support": 3.0
    },
    "5": {
        "precision": 1.0,
        "recall": 0.3333333333333333,
        "f1-score": 0.5,
        "support": 3.0
    },
    "6": {
        "precision": 0.9090909090909091,
        "recall": 0.5263157894736842,
        "f1-score": 0.6666666666666666,
        "support": 19.0
    },
    "micro avg": {
        "precision": 0.8533333333333334,
        "recall": 0.7485380116959064,
        "f1-score": 0.7975077881619937,
        "support": 171.0
    },
    "samples avg": {
        "precision": 0.8333333333333334,
        "recall": 0.7777777777777778,
        "f1-score": 0.7794871794871795,
        "support": 171.0
    },
    "macro_avg": {
        "precision": 0.8369851396167186,
        "recall": 0.51440453567199,
        "f1-score": 0.6111265218061336,
        "support": 171.0
    },
    "weighted_avg": {
        "precision": 0.8380174992978933,
        "recall": 0.7485380116959064,
        "f1-score": 0.7680280348479975,
        "support": 171.0
    },
    "micro_avg": {
        "precision": 0.8533333333333334,
        "recall": 0.7485380116959064,
        "f1-score": 0.7975077881619937
    },
    "accuracy": 0.5726495726495726
}