{
    "0": {
        "precision": 0.8867924528301887,
        "recall": 0.9591836734693877,
        "f1-score": 0.9215686274509803,
        "support": 98.0
    },
    "1": {
        "precision": 1.0,
        "recall": 0.25,
        "f1-score": 0.4,
        "support": 12.0
    },
    "2": {
        "precision": 0.7894736842105263,
        "recall": 0.5769230769230769,
        "f1-score": 0.6666666666666666,
        "support": 26.0
    },
    "3": {
        "precision": 0.75,
        "recall": 0.3,
        "f1-score": 0.42857142857142855,
        "support": 10.0
    },
    "4": {
        "precision": 1.0,
        "recall": 0.3333333333333333,
        "f1-score": 0.5,
        "support": 3.0
    },
    "5": {
        "precision": 1.0,
        "recall": 0.3333333333333333,
        "f1-score": 0.5,
        "support": 3.0
    },
    "6": {
        "precision": 0.9230769230769231,
        "recall": 0.631578947368421,
        "f1-score": 0.75,
        "support": 19.0
    },
    "micro avg": {
        "precision": 0.8775510204081632,
        "recall": 0.7543859649122807,
        "f1-score": 0.8113207547169812,
        "support": 171.0
    },
    "samples avg": {
        "precision": 0.8589743589743589,
        "recall": 0.7905982905982906,
        "f1-score": 0.7980056980056981,
        "support": 171.0
    },
    "macro_avg": {
        "precision": 0.907049008588234,
        "recall": 0.4834789092039361,
        "f1-score": 0.5952581032412966,
        "support": 171.0
    },
    "weighted_avg": {
        "precision": 0.8799440801479164,
        "recall": 0.7543859649122807,
        "f1-score": 0.7835249889429455,
        "support": 171.0
    },
    "micro_avg": {
        "precision": 0.8775510204081632,
        "recall": 0.7543859649122807,
        "f1-score": 0.8113207547169812
    },
    "accuracy": 0.5897435897435898
}