{
    "0": {
        "precision": 0.97,
        "recall": 0.9897959183673469,
        "f1-score": 0.9797979797979798,
        "support": 98.0
    },
    "1": {
        "precision": 1.0,
        "recall": 0.4166666666666667,
        "f1-score": 0.5882352941176471,
        "support": 12.0
    },
    "2": {
        "precision": 0.84,
        "recall": 0.8076923076923077,
        "f1-score": 0.8235294117647058,
        "support": 26.0
    },
    "3": {
        "precision": 0.7272727272727273,
        "recall": 0.8,
        "f1-score": 0.7619047619047619,
        "support": 10.0
    },
    "4": {
        "precision": 1.0,
        "recall": 1.0,
        "f1-score": 1.0,
        "support": 3.0
    },
    "5": {
        "precision": 0.5,
        "recall": 0.3333333333333333,
        "f1-score": 0.4,
        "support": 3.0
    },
    "6": {
        "precision": 0.8571428571428571,
        "recall": 0.631578947368421,
        "f1-score": 0.7272727272727273,
        "support": 19.0
    },
    "micro avg": {
        "precision": 0.91875,
        "recall": 0.8596491228070176,
        "f1-score": 0.8882175226586103,
        "support": 171.0
    },
    "samples avg": {
        "precision": 0.9173789173789173,
        "recall": 0.8860398860398859,
        "f1-score": 0.8888888888888888,
        "support": 171.0
    },
    "macro_avg": {
        "precision": 0.8420593692022262,
        "recall": 0.711295310489725,
        "f1-score": 0.7543914535511175,
        "support": 171.0
    },
    "weighted_avg": {
        "precision": 0.9178856231487811,
        "recall": 0.8596491228070176,
        "f1-score": 0.8779416356299741,
        "support": 171.0
    },
    "micro_avg": {
        "precision": 0.91875,
        "recall": 0.8596491228070176,
        "f1-score": 0.8882175226586103
    },
    "accuracy": 0.7606837606837606
}