{
    "0": {
        "precision": 0.8807339449541285,
        "recall": 0.9795918367346939,
        "f1-score": 0.927536231884058,
        "support": 98.0
    },
    "1": {
        "precision": 1.0,
        "recall": 0.25,
        "f1-score": 0.4,
        "support": 12.0
    },
    "2": {
        "precision": 0.7894736842105263,
        "recall": 0.5769230769230769,
        "f1-score": 0.6666666666666666,
        "support": 26.0
    },
    "3": {
        "precision": 0.7777777777777778,
        "recall": 0.7,
        "f1-score": 0.7368421052631579,
        "support": 10.0
    },
    "4": {
        "precision": 1.0,
        "recall": 0.6666666666666666,
        "f1-score": 0.8,
        "support": 3.0
    },
    "5": {
        "precision": 1.0,
        "recall": 0.3333333333333333,
        "f1-score": 0.5,
        "support": 3.0
    },
    "6": {
        "precision": 0.9230769230769231,
        "recall": 0.631578947368421,
        "f1-score": 0.75,
        "support": 19.0
    },
    "micro avg": {
        "precision": 0.8717948717948718,
        "recall": 0.7953216374269005,
        "f1-score": 0.8318042813455657,
        "support": 171.0
    },
    "samples avg": {
        "precision": 0.8703703703703703,
        "recall": 0.8233618233618233,
        "f1-score": 0.8236467236467238,
        "support": 171.0
    },
    "macro_avg": {
        "precision": 0.9101517614313366,
        "recall": 0.5911562658608845,
        "f1-score": 0.6830064291162689,
        "support": 171.0
    },
    "weighted_avg": {
        "precision": 0.8780963842761264,
        "recall": 0.7953216374269005,
        "f1-score": 0.8102357024011848,
        "support": 171.0
    },
    "micro_avg": {
        "precision": 0.8717948717948718,
        "recall": 0.7953216374269005,
        "f1-score": 0.8318042813455657
    },
    "accuracy": 0.6324786324786325
}