{
    "0": {
        "precision": 0.9245283018867925,
        "recall": 1.0,
        "f1-score": 0.9607843137254902,
        "support": 98.0
    },
    "1": {
        "precision": 0.8333333333333334,
        "recall": 0.4166666666666667,
        "f1-score": 0.5555555555555556,
        "support": 12.0
    },
    "2": {
        "precision": 0.8823529411764706,
        "recall": 0.5769230769230769,
        "f1-score": 0.6976744186046512,
        "support": 26.0
    },
    "3": {
        "precision": 1.0,
        "recall": 0.4,
        "f1-score": 0.5714285714285714,
        "support": 10.0
    },
    "4": {
        "precision": 1.0,
        "recall": 0.3333333333333333,
        "f1-score": 0.5,
        "support": 3.0
    },
    "5": {
        "precision": 1.0,
        "recall": 0.3333333333333333,
        "f1-score": 0.5,
        "support": 3.0
    },
    "6": {
        "precision": 0.9333333333333333,
        "recall": 0.7368421052631579,
        "f1-score": 0.8235294117647058,
        "support": 19.0
    },
    "micro avg": {
        "precision": 0.92,
        "recall": 0.8070175438596491,
        "f1-score": 0.8598130841121495,
        "support": 171.0
    },
    "samples avg": {
        "precision": 0.9145299145299145,
        "recall": 0.8361823361823362,
        "f1-score": 0.8609686609686609,
        "support": 171.0
    },
    "macro_avg": {
        "precision": 0.9390782728185615,
        "recall": 0.542442645074224,
        "f1-score": 0.6584246101541391,
        "support": 171.0
    },
    "weighted_avg": {
        "precision": 0.9197560432095159,
        "recall": 0.8070175438596491,
        "f1-score": 0.8381544376216419,
        "support": 171.0
    },
    "micro_avg": {
        "precision": 0.92,
        "recall": 0.8070175438596491,
        "f1-score": 0.8598130841121495
    }
}