{
    "0": {
        "precision": 0.8715596330275229,
        "recall": 0.9693877551020408,
        "f1-score": 0.9178743961352657,
        "support": 98.0
    },
    "1": {
        "precision": 0.0,
        "recall": 0.0,
        "f1-score": 0.0,
        "support": 12.0
    },
    "2": {
        "precision": 0.8181818181818182,
        "recall": 0.34615384615384615,
        "f1-score": 0.4864864864864865,
        "support": 26.0
    },
    "3": {
        "precision": 0.0,
        "recall": 0.0,
        "f1-score": 0.0,
        "support": 10.0
    },
    "4": {
        "precision": 0.0,
        "recall": 0.0,
        "f1-score": 0.0,
        "support": 3.0
    },
    "5": {
        "precision": 0.0,
        "recall": 0.0,
        "f1-score": 0.0,
        "support": 3.0
    },
    "6": {
        "precision": 0.8333333333333334,
        "recall": 0.2631578947368421,
        "f1-score": 0.4,
        "support": 19.0
    },
    "micro avg": {
        "precision": 0.8650793650793651,
        "recall": 0.6374269005847953,
        "f1-score": 0.734006734006734,
        "support": 171.0
    },
    "samples avg": {
        "precision": 0.8504273504273504,
        "recall": 0.698005698005698,
        "f1-score": 0.737891737891738,
        "support": 171.0
    },
    "macro_avg": {
        "precision": 0.36043925493466783,
        "recall": 0.2255284994275327,
        "f1-score": 0.25776584037453604,
        "support": 171.0
    },
    "weighted_avg": {
        "precision": 0.7164848224722681,
        "recall": 0.6374269005847953,
        "f1-score": 0.6444464296485654,
        "support": 171.0
    },
    "micro_avg": {
        "precision": 0.8650793650793651,
        "recall": 0.6374269005847953,
        "f1-score": 0.734006734006734
    },
    "accuracy": 0.47863247863247865
}