{
    "CommunicationIssue": {
        "precision": 1.0,
        "recall": 1.0,
        "f1-score": 1.0,
        "support": 3.0
    },
    "HardwareFault": {
        "precision": 0.8666666666666667,
        "recall": 0.9285714285714286,
        "f1-score": 0.896551724137931,
        "support": 28.0
    },
    "Normal": {
        "precision": 0.9692307692307692,
        "recall": 0.9545454545454546,
        "f1-score": 0.9618320610687023,
        "support": 132.0
    },
    "ParamViolation": {
        "precision": 0.6666666666666666,
        "recall": 1.0,
        "f1-score": 0.8,
        "support": 10.0
    },
    "RegulationViolation": {
        "precision": 1.0,
        "recall": 1.0,
        "f1-score": 1.0,
        "support": 3.0
    },
    "SoftwareFault": {
        "precision": 0.7894736842105263,
        "recall": 0.75,
        "f1-score": 0.7692307692307693,
        "support": 20.0
    },
    "SurroundingEnvironment": {
        "precision": 1.0,
        "recall": 0.6923076923076923,
        "f1-score": 0.8181818181818182,
        "support": 13.0
    },
    "accuracy": 0.9186602870813397,
    "macro_avg": {
        "precision": 0.8988625409678042,
        "recall": 0.9036320822035108,
        "f1-score": 0.8922566246598888,
        "support": 209.0
    },
    "weighted_avg": {
        "precision": 0.9266089404593559,
        "recall": 0.9186602870813397,
        "f1-score": 0.919073011281865,
        "support": 209.0
    },
    "micro_avg": {
        "precision": 0.9186602870813397,
        "recall": 0.9186602870813397,
        "f1-score": 0.9186602870813397
    }
}