{
    "0": {
        "precision": 0.9245283018867925,
        "recall": 1.0,
        "f1-score": 0.9607843137254902,
        "support": 98.0
    },
    "1": {
        "precision": 1.0,
        "recall": 0.5,
        "f1-score": 0.6666666666666666,
        "support": 12.0
    },
    "2": {
        "precision": 0.76,
        "recall": 0.7307692307692307,
        "f1-score": 0.7450980392156863,
        "support": 26.0
    },
    "3": {
        "precision": 0.8333333333333334,
        "recall": 0.5,
        "f1-score": 0.625,
        "support": 10.0
    },
    "4": {
        "precision": 1.0,
        "recall": 0.6666666666666666,
        "f1-score": 0.8,
        "support": 3.0
    },
    "5": {
        "precision": 1.0,
        "recall": 0.3333333333333333,
        "f1-score": 0.5,
        "support": 3.0
    },
    "6": {
        "precision": 1.0,
        "recall": 0.6842105263157895,
        "f1-score": 0.8125,
        "support": 19.0
    },
    "micro avg": {
        "precision": 0.9056603773584906,
        "recall": 0.8421052631578947,
        "f1-score": 0.8727272727272727,
        "support": 171.0
    },
    "samples avg": {
        "precision": 0.9159544159544158,
        "recall": 0.8703703703703703,
        "f1-score": 0.8800569800569801,
        "support": 171.0
    },
    "macro_avg": {
        "precision": 0.9311230907457322,
        "recall": 0.6307113938692887,
        "f1-score": 0.7300070028011205,
        "support": 171.0
    },
    "weighted_avg": {
        "precision": 0.9105093971826842,
        "recall": 0.8421052631578947,
        "f1-score": 0.8603328173374614,
        "support": 171.0
    },
    "micro_avg": {
        "precision": 0.9056603773584906,
        "recall": 0.8421052631578947,
        "f1-score": 0.8727272727272727
    },
    "accuracy": 0.7350427350427351
}