{
    "0": {
        "precision": 0.9411764705882353,
        "recall": 0.9795918367346939,
        "f1-score": 0.96,
        "support": 98.0
    },
    "1": {
        "precision": 1.0,
        "recall": 0.4166666666666667,
        "f1-score": 0.5882352941176471,
        "support": 12.0
    },
    "2": {
        "precision": 0.7777777777777778,
        "recall": 0.8076923076923077,
        "f1-score": 0.7924528301886793,
        "support": 26.0
    },
    "3": {
        "precision": 0.875,
        "recall": 0.7,
        "f1-score": 0.7777777777777778,
        "support": 10.0
    },
    "4": {
        "precision": 1.0,
        "recall": 0.6666666666666666,
        "f1-score": 0.8,
        "support": 3.0
    },
    "5": {
        "precision": 1.0,
        "recall": 0.3333333333333333,
        "f1-score": 0.5,
        "support": 3.0
    },
    "6": {
        "precision": 1.0,
        "recall": 0.6842105263157895,
        "f1-score": 0.8125,
        "support": 19.0
    },
    "micro avg": {
        "precision": 0.9177215189873418,
        "recall": 0.847953216374269,
        "f1-score": 0.8814589665653495,
        "support": 171.0
    },
    "samples avg": {
        "precision": 0.9102564102564102,
        "recall": 0.8746438746438746,
        "f1-score": 0.8780626780626781,
        "support": 171.0
    },
    "macro_avg": {
        "precision": 0.9419934640522876,
        "recall": 0.6554516196299226,
        "f1-score": 0.747280843154872,
        "support": 171.0
    },
    "weighted_avg": {
        "precision": 0.9251901540343233,
        "recall": 0.847953216374269,
        "f1-score": 0.8705138882578667,
        "support": 171.0
    },
    "micro_avg": {
        "precision": 0.9177215189873418,
        "recall": 0.847953216374269,
        "f1-score": 0.8814589665653495
    }
}