{
    "0": {
        "precision": 0.9702970297029703,
        "recall": 1.0,
        "f1-score": 0.9849246231155779,
        "support": 98.0
    },
    "1": {
        "precision": 1.0,
        "recall": 0.5,
        "f1-score": 0.6666666666666666,
        "support": 12.0
    },
    "2": {
        "precision": 0.9615384615384616,
        "recall": 0.9615384615384616,
        "f1-score": 0.9615384615384616,
        "support": 26.0
    },
    "3": {
        "precision": 1.0,
        "recall": 0.8,
        "f1-score": 0.8888888888888888,
        "support": 10.0
    },
    "4": {
        "precision": 1.0,
        "recall": 1.0,
        "f1-score": 1.0,
        "support": 3.0
    },
    "5": {
        "precision": 1.0,
        "recall": 1.0,
        "f1-score": 1.0,
        "support": 3.0
    },
    "6": {
        "precision": 0.8333333333333334,
        "recall": 0.7894736842105263,
        "f1-score": 0.8108108108108109,
        "support": 19.0
    },
    "micro avg": {
        "precision": 0.9575757575757575,
        "recall": 0.9239766081871345,
        "f1-score": 0.9404761904761905,
        "support": 171.0
    },
    "samples avg": {
        "precision": 0.9643874643874644,
        "recall": 0.9401709401709402,
        "f1-score": 0.945014245014245,
        "support": 171.0
    },
    "macro_avg": {
        "precision": 0.9664526892249664,
        "recall": 0.8644303065355697,
        "f1-score": 0.9018327787172008,
        "support": 171.0
    },
    "weighted_avg": {
        "precision": 0.9586107733580375,
        "recall": 0.9239766081871345,
        "f1-score": 0.934601797424684,
        "support": 171.0
    },
    "micro_avg": {
        "precision": 0.9575757575757575,
        "recall": 0.9239766081871345,
        "f1-score": 0.9404761904761905
    },
    "accuracy": 0.8717948717948718
}