{
    "CommunicationIssue": {
        "precision": 1.0,
        "recall": 1.0,
        "f1-score": 1.0,
        "support": 3.0
    },
    "HardwareFault": {
        "precision": 0.875,
        "recall": 1.0,
        "f1-score": 0.9333333333333333,
        "support": 28.0
    },
    "Normal": {
        "precision": 0.9689922480620154,
        "recall": 0.946969696969697,
        "f1-score": 0.9578544061302682,
        "support": 132.0
    },
    "ParamViolation": {
        "precision": 0.6,
        "recall": 0.9,
        "f1-score": 0.72,
        "support": 10.0
    },
    "RegulationViolation": {
        "precision": 1.0,
        "recall": 1.0,
        "f1-score": 1.0,
        "support": 3.0
    },
    "SoftwareFault": {
        "precision": 0.8333333333333334,
        "recall": 0.75,
        "f1-score": 0.7894736842105263,
        "support": 20.0
    },
    "SurroundingEnvironment": {
        "precision": 1.0,
        "recall": 0.6923076923076923,
        "f1-score": 0.8181818181818182,
        "support": 13.0
    },
    "accuracy": 0.9186602870813397,
    "macro_avg": {
        "precision": 0.8967607973421926,
        "recall": 0.8984681984681986,
        "f1-score": 0.8884061774079923,
        "support": 209.0
    },
    "weighted_avg": {
        "precision": 0.9285820258892473,
        "recall": 0.9186602870813397,
        "f1-score": 0.9195978577181956,
        "support": 209.0
    },
    "micro_avg": {
        "precision": 0.9186602870813397,
        "recall": 0.9186602870813397,
        "f1-score": 0.9186602870813397
    }
}