{
    "0": {
        "precision": 0.8703703703703703,
        "recall": 0.9591836734693877,
        "f1-score": 0.912621359223301,
        "support": 98.0
    },
    "1": {
        "precision": 0.0,
        "recall": 0.0,
        "f1-score": 0.0,
        "support": 12.0
    },
    "2": {
        "precision": 0.75,
        "recall": 0.34615384615384615,
        "f1-score": 0.47368421052631576,
        "support": 26.0
    },
    "3": {
        "precision": 1.0,
        "recall": 0.1,
        "f1-score": 0.18181818181818182,
        "support": 10.0
    },
    "4": {
        "precision": 0.0,
        "recall": 0.0,
        "f1-score": 0.0,
        "support": 3.0
    },
    "5": {
        "precision": 0.0,
        "recall": 0.0,
        "f1-score": 0.0,
        "support": 3.0
    },
    "6": {
        "precision": 0.8,
        "recall": 0.21052631578947367,
        "f1-score": 0.3333333333333333,
        "support": 19.0
    },
    "micro avg": {
        "precision": 0.8571428571428571,
        "recall": 0.631578947368421,
        "f1-score": 0.7272727272727273,
        "support": 171.0
    },
    "samples avg": {
        "precision": 0.8376068376068376,
        "recall": 0.688034188034188,
        "f1-score": 0.7276353276353277,
        "support": 171.0
    },
    "macro_avg": {
        "precision": 0.48862433862433857,
        "recall": 0.23083769077324395,
        "f1-score": 0.2716367264144474,
        "support": 171.0
    },
    "weighted_avg": {
        "precision": 0.7602122590426684,
        "recall": 0.631578947368421,
        "f1-score": 0.642714607187619,
        "support": 171.0
    },
    "micro_avg": {
        "precision": 0.8571428571428571,
        "recall": 0.631578947368421,
        "f1-score": 0.7272727272727273
    },
    "accuracy": 0.46153846153846156
}