{
    "CommunicationIssue": {
        "precision": 1.0,
        "recall": 1.0,
        "f1-score": 1.0,
        "support": 3.0
    },
    "HardwareFault": {
        "precision": 0.8709677419354839,
        "recall": 0.9642857142857143,
        "f1-score": 0.9152542372881356,
        "support": 28.0
    },
    "Normal": {
        "precision": 0.9692307692307692,
        "recall": 0.9545454545454546,
        "f1-score": 0.9618320610687023,
        "support": 132.0
    },
    "ParamViolation": {
        "precision": 0.7272727272727273,
        "recall": 0.8,
        "f1-score": 0.7619047619047619,
        "support": 10.0
    },
    "RegulationViolation": {
        "precision": 1.0,
        "recall": 1.0,
        "f1-score": 1.0,
        "support": 3.0
    },
    "SoftwareFault": {
        "precision": 0.75,
        "recall": 0.75,
        "f1-score": 0.75,
        "support": 20.0
    },
    "SurroundingEnvironment": {
        "precision": 0.8181818181818182,
        "recall": 0.6923076923076923,
        "f1-score": 0.75,
        "support": 13.0
    },
    "accuracy": 0.9138755980861244,
    "macro_avg": {
        "precision": 0.8765218652315427,
        "recall": 0.8801626944484088,
        "f1-score": 0.8769987228945143,
        "support": 209.0
    },
    "weighted_avg": {
        "precision": 0.9149983216351483,
        "recall": 0.9138755980861244,
        "f1-score": 0.9136746331300676,
        "support": 209.0
    },
    "micro_avg": {
        "precision": 0.9138755980861244,
        "recall": 0.9138755980861244,
        "f1-score": 0.9138755980861244
    }
}