{
    "CommunicationIssue": {
        "precision": 1.0,
        "recall": 0.6666666666666666,
        "f1-score": 0.8,
        "support": 3.0
    },
    "HardwareFault": {
        "precision": 0.9259259259259259,
        "recall": 0.8928571428571429,
        "f1-score": 0.9090909090909091,
        "support": 28.0
    },
    "Normal": {
        "precision": 0.9124087591240876,
        "recall": 0.946969696969697,
        "f1-score": 0.929368029739777,
        "support": 132.0
    },
    "ParamViolation": {
        "precision": 0.5454545454545454,
        "recall": 0.6,
        "f1-score": 0.5714285714285714,
        "support": 10.0
    },
    "RegulationViolation": {
        "precision": 1.0,
        "recall": 0.3333333333333333,
        "f1-score": 0.5,
        "support": 3.0
    },
    "SoftwareFault": {
        "precision": 0.8,
        "recall": 0.8,
        "f1-score": 0.8,
        "support": 20.0
    },
    "SurroundingEnvironment": {
        "precision": 0.9090909090909091,
        "recall": 0.7692307692307693,
        "f1-score": 0.8333333333333334,
        "support": 13.0
    },
    "accuracy": 0.8851674641148325,
    "macro_avg": {
        "precision": 0.8704114485136384,
        "recall": 0.7155796584368013,
        "f1-score": 0.76331726337037,
        "support": 209.0
    },
    "weighted_avg": {
        "precision": 0.888213442119774,
        "recall": 0.8851674641148325,
        "f1-score": 0.8831518872144263,
        "support": 209.0
    },
    "micro_avg": {
        "precision": 0.8851674641148325,
        "recall": 0.8851674641148325,
        "f1-score": 0.8851674641148325
    }
}