{
    "CommunicationIssue": {
        "precision": 1.0,
        "recall": 0.3333333333333333,
        "f1-score": 0.5,
        "support": 3.0
    },
    "HardwareFault": {
        "precision": 0.9090909090909091,
        "recall": 0.7142857142857143,
        "f1-score": 0.8,
        "support": 28.0
    },
    "Normal": {
        "precision": 0.821656050955414,
        "recall": 0.9772727272727273,
        "f1-score": 0.8927335640138409,
        "support": 132.0
    },
    "ParamViolation": {
        "precision": 1.0,
        "recall": 0.4,
        "f1-score": 0.5714285714285714,
        "support": 10.0
    },
    "RegulationViolation": {
        "precision": 0.0,
        "recall": 0.0,
        "f1-score": 0.0,
        "support": 3.0
    },
    "SoftwareFault": {
        "precision": 0.7777777777777778,
        "recall": 0.7,
        "f1-score": 0.7368421052631579,
        "support": 20.0
    },
    "SurroundingEnvironment": {
        "precision": 1.0,
        "recall": 0.5384615384615384,
        "f1-score": 0.7,
        "support": 13.0
    },
    "accuracy": 0.8373205741626795,
    "macro_avg": {
        "precision": 0.7869321054034429,
        "recall": 0.5233361876219018,
        "f1-score": 0.6001434629579386,
        "support": 209.0
    },
    "weighted_avg": {
        "precision": 0.8395631566326108,
        "recall": 0.8373205741626795,
        "f1-score": 0.819578747700363,
        "support": 209.0
    },
    "micro_avg": {
        "precision": 0.8373205741626795,
        "recall": 0.8373205741626795,
        "f1-score": 0.8373205741626795
    }
}