{
    "0": {
        "precision": 0.9326923076923077,
        "recall": 0.9897959183673469,
        "f1-score": 0.9603960396039604,
        "support": 98.0
    },
    "1": {
        "precision": 1.0,
        "recall": 0.5,
        "f1-score": 0.6666666666666666,
        "support": 12.0
    },
    "2": {
        "precision": 0.88,
        "recall": 0.8461538461538461,
        "f1-score": 0.8627450980392157,
        "support": 26.0
    },
    "3": {
        "precision": 0.8571428571428571,
        "recall": 0.6,
        "f1-score": 0.7058823529411765,
        "support": 10.0
    },
    "4": {
        "precision": 1.0,
        "recall": 0.3333333333333333,
        "f1-score": 0.5,
        "support": 3.0
    },
    "5": {
        "precision": 1.0,
        "recall": 1.0,
        "f1-score": 1.0,
        "support": 3.0
    },
    "6": {
        "precision": 0.9285714285714286,
        "recall": 0.6842105263157895,
        "f1-score": 0.7878787878787878,
        "support": 19.0
    },
    "micro avg": {
        "precision": 0.925,
        "recall": 0.8654970760233918,
        "f1-score": 0.8942598187311178,
        "support": 171.0
    },
    "samples avg": {
        "precision": 0.9017094017094017,
        "recall": 0.8860398860398859,
        "f1-score": 0.882051282051282,
        "support": 171.0
    },
    "macro_avg": {
        "precision": 0.9426295133437991,
        "recall": 0.7076419463100452,
        "f1-score": 0.783366992161401,
        "support": 171.0
    },
    "weighted_avg": {
        "precision": 0.9268896600475548,
        "recall": 0.8654970760233918,
        "f1-score": 0.8835011984170554,
        "support": 171.0
    },
    "micro_avg": {
        "precision": 0.925,
        "recall": 0.8654970760233918,
        "f1-score": 0.8942598187311178
    },
    "accuracy": 0.7606837606837606
}