{
    "CommunicationIssue": {
        "precision": 1.0,
        "recall": 1.0,
        "f1-score": 1.0,
        "support": 3.0
    },
    "HardwareFault": {
        "precision": 0.7878787878787878,
        "recall": 0.9285714285714286,
        "f1-score": 0.8524590163934426,
        "support": 28.0
    },
    "Normal": {
        "precision": 0.9767441860465116,
        "recall": 0.9545454545454546,
        "f1-score": 0.9655172413793104,
        "support": 132.0
    },
    "ParamViolation": {
        "precision": 0.7777777777777778,
        "recall": 0.7,
        "f1-score": 0.7368421052631579,
        "support": 10.0
    },
    "RegulationViolation": {
        "precision": 1.0,
        "recall": 0.6666666666666666,
        "f1-score": 0.8,
        "support": 3.0
    },
    "SoftwareFault": {
        "precision": 0.6818181818181818,
        "recall": 0.75,
        "f1-score": 0.7142857142857143,
        "support": 20.0
    },
    "SurroundingEnvironment": {
        "precision": 0.8181818181818182,
        "recall": 0.6923076923076923,
        "f1-score": 0.75,
        "support": 13.0
    },
    "accuracy": 0.8995215311004785,
    "macro_avg": {
        "precision": 0.8632001073861539,
        "recall": 0.8131558917273204,
        "f1-score": 0.831300582474518,
        "support": 209.0
    },
    "weighted_avg": {
        "precision": 0.904504036694979,
        "recall": 0.8995215311004785,
        "f1-score": 0.9001017399972786,
        "support": 209.0
    },
    "micro_avg": {
        "precision": 0.8995215311004785,
        "recall": 0.8995215311004785,
        "f1-score": 0.8995215311004785
    }
}