{
    "0": {
        "precision": 0.8738738738738738,
        "recall": 0.9897959183673469,
        "f1-score": 0.9282296650717703,
        "support": 98.0
    },
    "1": {
        "precision": 0.0,
        "recall": 0.0,
        "f1-score": 0.0,
        "support": 12.0
    },
    "2": {
        "precision": 0.9166666666666666,
        "recall": 0.4230769230769231,
        "f1-score": 0.5789473684210527,
        "support": 26.0
    },
    "3": {
        "precision": 0.0,
        "recall": 0.0,
        "f1-score": 0.0,
        "support": 10.0
    },
    "4": {
        "precision": 0.0,
        "recall": 0.0,
        "f1-score": 0.0,
        "support": 3.0
    },
    "5": {
        "precision": 0.0,
        "recall": 0.0,
        "f1-score": 0.0,
        "support": 3.0
    },
    "6": {
        "precision": 0.75,
        "recall": 0.15789473684210525,
        "f1-score": 0.2608695652173913,
        "support": 19.0
    },
    "micro avg": {
        "precision": 0.8740157480314961,
        "recall": 0.6491228070175439,
        "f1-score": 0.7449664429530202,
        "support": 171.0
    },
    "samples avg": {
        "precision": 0.8461538461538461,
        "recall": 0.6937321937321936,
        "f1-score": 0.7370370370370372,
        "support": 171.0
    },
    "macro_avg": {
        "precision": 0.36293436293436293,
        "recall": 0.22439536832662504,
        "f1-score": 0.25257808553003064,
        "support": 171.0
    },
    "weighted_avg": {
        "precision": 0.723526157736684,
        "recall": 0.6491228070175439,
        "f1-score": 0.648980470731645,
        "support": 171.0
    },
    "micro_avg": {
        "precision": 0.8740157480314961,
        "recall": 0.6491228070175439,
        "f1-score": 0.7449664429530202
    },
    "accuracy": 0.4700854700854701
}