{
    "0": {
        "precision": 0.8660714285714286,
        "recall": 0.9897959183673469,
        "f1-score": 0.9238095238095239,
        "support": 98.0
    },
    "1": {
        "precision": 0.0,
        "recall": 0.0,
        "f1-score": 0.0,
        "support": 12.0
    },
    "2": {
        "precision": 0.9230769230769231,
        "recall": 0.46153846153846156,
        "f1-score": 0.6153846153846154,
        "support": 26.0
    },
    "3": {
        "precision": 0.0,
        "recall": 0.0,
        "f1-score": 0.0,
        "support": 10.0
    },
    "4": {
        "precision": 0.0,
        "recall": 0.0,
        "f1-score": 0.0,
        "support": 3.0
    },
    "5": {
        "precision": 0.0,
        "recall": 0.0,
        "f1-score": 0.0,
        "support": 3.0
    },
    "6": {
        "precision": 1.0,
        "recall": 0.15789473684210525,
        "f1-score": 0.2727272727272727,
        "support": 19.0
    },
    "micro avg": {
        "precision": 0.875,
        "recall": 0.6549707602339181,
        "f1-score": 0.7491638795986622,
        "support": 171.0
    },
    "samples avg": {
        "precision": 0.8461538461538461,
        "recall": 0.6980056980056979,
        "f1-score": 0.73988603988604,
        "support": 171.0
    },
    "macro_avg": {
        "precision": 0.39844976452119313,
        "recall": 0.22988987382113055,
        "f1-score": 0.25884591598877316,
        "support": 171.0
    },
    "weighted_avg": {
        "precision": 0.7478070175438597,
        "recall": 0.6549707602339181,
        "f1-score": 0.6533049796207692,
        "support": 171.0
    },
    "micro_avg": {
        "precision": 0.875,
        "recall": 0.6549707602339181,
        "f1-score": 0.7491638795986622
    },
    "accuracy": 0.47863247863247865
}