{
    "0": {
        "precision": 0.97,
        "recall": 0.9897959183673469,
        "f1-score": 0.9797979797979798,
        "support": 98.0
    },
    "1": {
        "precision": 1.0,
        "recall": 0.5833333333333334,
        "f1-score": 0.7368421052631579,
        "support": 12.0
    },
    "2": {
        "precision": 0.8571428571428571,
        "recall": 0.9230769230769231,
        "f1-score": 0.8888888888888888,
        "support": 26.0
    },
    "3": {
        "precision": 1.0,
        "recall": 0.9,
        "f1-score": 0.9473684210526315,
        "support": 10.0
    },
    "4": {
        "precision": 1.0,
        "recall": 1.0,
        "f1-score": 1.0,
        "support": 3.0
    },
    "5": {
        "precision": 1.0,
        "recall": 1.0,
        "f1-score": 1.0,
        "support": 3.0
    },
    "6": {
        "precision": 0.875,
        "recall": 0.7368421052631579,
        "f1-score": 0.8,
        "support": 19.0
    },
    "micro avg": {
        "precision": 0.9457831325301205,
        "recall": 0.9181286549707602,
        "f1-score": 0.9317507418397626,
        "support": 171.0
    },
    "samples avg": {
        "precision": 0.9487179487179487,
        "recall": 0.933048433048433,
        "f1-score": 0.9347578347578347,
        "support": 171.0
    },
    "macro_avg": {
        "precision": 0.9574489795918366,
        "recall": 0.8761497542915373,
        "f1-score": 0.9075567707146653,
        "support": 171.0
    },
    "weighted_avg": {
        "precision": 0.9471971595655806,
        "recall": 0.9181286549707602,
        "f1-score": 0.9277608339473528,
        "support": 171.0
    },
    "micro_avg": {
        "precision": 0.9457831325301205,
        "recall": 0.9181286549707602,
        "f1-score": 0.9317507418397626
    },
    "accuracy": 0.8547008547008547
}