{
    "0": {
        "precision": 0.8596491228070176,
        "recall": 1.0,
        "f1-score": 0.9245283018867925,
        "support": 98.0
    },
    "1": {
        "precision": 0.0,
        "recall": 0.0,
        "f1-score": 0.0,
        "support": 12.0
    },
    "2": {
        "precision": 1.0,
        "recall": 0.19230769230769232,
        "f1-score": 0.3225806451612903,
        "support": 26.0
    },
    "3": {
        "precision": 0.0,
        "recall": 0.0,
        "f1-score": 0.0,
        "support": 10.0
    },
    "4": {
        "precision": 0.0,
        "recall": 0.0,
        "f1-score": 0.0,
        "support": 3.0
    },
    "5": {
        "precision": 0.0,
        "recall": 0.0,
        "f1-score": 0.0,
        "support": 3.0
    },
    "6": {
        "precision": 1.0,
        "recall": 0.21052631578947367,
        "f1-score": 0.34782608695652173,
        "support": 19.0
    },
    "micro avg": {
        "precision": 0.8699186991869918,
        "recall": 0.6257309941520468,
        "f1-score": 0.7278911564625851,
        "support": 171.0
    },
    "samples avg": {
        "precision": 0.8846153846153846,
        "recall": 0.7065527065527066,
        "f1-score": 0.7535612535612536,
        "support": 171.0
    },
    "macro_avg": {
        "precision": 0.40852130325814534,
        "recall": 0.20040485829959515,
        "f1-score": 0.2278478620006578,
        "support": 171.0
    },
    "weighted_avg": {
        "precision": 0.7558223042987586,
        "recall": 0.6257309941520468,
        "f1-score": 0.6175413217033516,
        "support": 171.0
    },
    "micro_avg": {
        "precision": 0.8699186991869918,
        "recall": 0.6257309941520468,
        "f1-score": 0.7278911564625851
    },
    "accuracy": 0.452991452991453
}